word,phonetic,pos,def,example,syn,ant,tags,premium,stub
Abash,,word,Feeling embarrassed or self-conscious.,"She underlined abash while reviewing the ""Embarrass"" group in her notes.",,,GRE|GMAT|IELTS,false,false
Abate,/əˈbeɪt/,verb,Become less intense or widespread.,The team hoped the policy would abate the problem over time.,"subside,diminish","intensify,increase",GRE|GMAT,false,false
Abdicate,,verb,"Give up, abandon, or stop pursuing something.","She underlined abdicate while reviewing the ""Give up"" group in her notes.",,,GRE|GMAT|IELTS,false,false
Aberration,/ˌæb.əˈreɪ.ʃən/,noun,A departure from what is normal.,The essay turned on the aberration introduced in the opening paragraph.,"anomaly,deviation","norm,standard",GRE,false,false
Abeyance,,noun,"A temporary pause, break, or gap in continuity.","In the ""Interval / pause"" word cluster, abeyance helps you spot synonyms on test day.",,,GRE|GMAT|IELTS,false,false
Abide,,word,"A temporary pause, break, or gap in continuity.","She underlined abide while reviewing the ""Break a rule"" group in her notes.",,opposite cluster,GRE|GMAT|IELTS,false,false
Abound,,word,A vocabulary term from the group: Excess.,"She underlined abound while reviewing the ""Excess"" group in her notes.",,,GRE|GMAT|IELTS,false,false
Abridge,,word,A vocabulary term from the group: Speak less / few words.,"He tends to abridge when nervous, filling every pause in conversation.",,,GRE|GMAT|IELTS,false,false
Absolute,,word,A vocabulary term from the group: Dominating (−).,"She underlined absolute while reviewing the ""Dominating (−)"" group in her notes.",,,GRE|GMAT|IELTS,false,false
Abstract,,word,A vocabulary term from the group: Difficult to understand (−).,"In the ""Difficult to understand (−)"" word cluster, abstract helps you spot synonyms on test day.",,,GRE|GMAT|IELTS,false,false
Abstruse,/əbˈstruːs/,adjective,Difficult to understand.,"In context, the word abstruse means difficult to understand.","arcane,complex","obvious,clear",GRE,false,false
Absurd,,word,A vocabulary term from the group: Illogical / strange.,"She underlined absurd while reviewing the ""Illogical / strange"" group in her notes.",,,GRE|GMAT|IELTS,false,false
Accede,,verb,To act in a way related to the idea of: Accept / agree / give in.,"She underlined accede while reviewing the ""Accept / agree / give in"" group in her notes.",,,GRE|GMAT|IELTS,false,false
Accelerate,,verb,To act in a way related to the idea of: Activate / speed up.,"She underlined accelerate while reviewing the ""Activate / speed up"" group in her notes.",,,GRE|GMAT|IELTS,false,false
Accentuate,,verb,To act in a way related to the idea of: Emphasize.,"She underlined accentuate while reviewing the ""Emphasize"" group in her notes.",,,GRE|GMAT|IELTS,false,false
Acclaim,,word,Expressing praise or admiration.,Colleagues acclaim her calm leadership during the merger.,,,GRE|GMAT|IELTS,false,false
Accolade,/ˈæk.ə.leɪd/,noun,An award or privilege granted.,Understanding the accolade helps you grasp the author's argument.,"honor,praise","criticism,rebuke",GRE|GMAT,false,false
Accomplishment,,noun,"A person, thing, or quality related to: Achievement / success.","She underlined accomplishment while reviewing the ""Achievement / success"" group in her notes.",,,GRE|GMAT|IELTS,false,false
Accord,,word,A vocabulary term from the group: Agreement / harmony.,"In the ""Agreement / harmony"" word cluster, accord helps you spot synonyms on test day.",,,GRE|GMAT|IELTS,false,false
Accretion,,noun,"Greater in size, amount, or intensity.",Small savings can accretion quickly when invested with discipline.,,,GRE|GMAT|IELTS,false,false
Accustomed,,word,A vocabulary term from the group: Used to.,"In the ""Used to"" word cluster, accustomed helps you spot synonyms on test day.",,,GRE|GMAT|IELTS,false,false
Acerbic,,adjective,Describing something related to: Harsh / biting / sharp.,"She underlined acerbic while reviewing the ""Harsh / biting / sharp"" group in her notes.",,,GRE|GMAT|IELTS,false,false
Acquiesce,/ˌæk.wiˈes/,verb,Accept reluctantly but without protest.,"In the passage, the author uses acquiesce to mean accept reluctantly but without protest.","comply,submit","resist,object",GRE,false,false
Acquit,,word,Expressing criticism or strong disapproval.,Editorials began to acquit the mayor for ignoring early warnings.,,,GRE|GMAT|IELTS,false,false
Acrimonious,,adjective,Describing something related to: Harsh / biting / sharp.,"She underlined acrimonious while reviewing the ""Harsh / biting / sharp"" group in her notes.",,,GRE|GMAT|IELTS,false,false
Acuity,,noun,"A person, thing, or quality related to: Intelligent / wise.",The mentor offered acuity advice that changed her study habits.,,,GRE|GMAT|IELTS,false,false
Acumen,/ˈæk.jə.mən/,noun,Ability to make good judgments.,Understanding the acumen helps you grasp the author's argument.,"shrewdness,insight","ignorance,ineptitude",GRE|GMAT,false,false
Acute,,word,A vocabulary term from the group: Severe / strict.,"In the ""Severe / strict"" word cluster, acute helps you spot synonyms on test day.",,,GRE|GMAT|IELTS,false,false
Ad-Hoc,,word,A vocabulary term from the group: Planned / x spontaneous.,"In the ""Planned / x spontaneous"" word cluster, ad-hoc helps you spot synonyms on test day.",,opposite cluster,GRE|GMAT|IELTS,false,false
Adamant,,adjective,Unwilling to change one's mind or course of action.,"In the ""Stubborn (−)"" word cluster, adamant helps you spot synonyms on test day.",,,GRE|GMAT|IELTS,false,false
Adept,,word,A vocabulary term from the group: Skillful.,"In the ""Skillful"" word cluster, adept helps you spot synonyms on test day.",,,GRE|GMAT|IELTS,false,false
Adhere,,word,"A temporary pause, break, or gap in continuity.","She underlined adhere while reviewing the ""Break a rule"" group in her notes.",,opposite cluster,GRE|GMAT|IELTS,false,false
Adjacent,,adjective,Describing something related to: Place side by side.,"In the ""Place side by side"" word cluster, adjacent helps you spot synonyms on test day.",,,GRE|GMAT|IELTS,false,false
Adjourn,,word,A vocabulary term from the group: Delay / postpone.,"She underlined adjourn while reviewing the ""Delay / postpone"" group in her notes.",,,GRE|GMAT|IELTS,false,false
Admonish,/ədˈmɒn.ɪʃ/,verb,Warn or reprimand firmly.,"In the passage, the author uses admonish to mean warn or reprimand firmly.","rebuke,chide","praise,commend",GRE,false,false
Adorn,,word,A vocabulary term from the group: Attractive / decorative.,"In the ""Attractive / decorative"" word cluster, adorn helps you spot synonyms on test day.",,,GRE|GMAT|IELTS,false,false
Adroit,/əˈdrɔɪt/,adjective,Clever or skillful.,"In context, the word adroit means clever or skillful.","deft,nimble","clumsy,inept",GRE,false,false
Adulation,/ˌædʒ.əˈleɪ.ʃən/,noun,Excessive admiration.,Understanding the adulation helps you grasp the author's argument.,"flattery,praise","criticism,disdain",GRE,false,false
Adulterate,,verb,To act in a way related to the idea of: Impure / poisonous.,"She underlined adulterate while reviewing the ""Impure / poisonous"" group in her notes.",,,GRE|GMAT|IELTS,false,false
Adversary,/ˈæd.və.ser.i/,noun,One's opponent in a contest.,The passage defines adversary as one's opponent in a contest.,"foe,rival","ally,friend",GRE,false,false
Adversity,,noun,"A person, thing, or quality related to: Pain / suffering.","She underlined adversity while reviewing the ""Pain / suffering"" group in her notes.",,,GRE|GMAT|IELTS,false,false
Advocate,,verb,To act in a way related to the idea of: Supporter / x enemy.,"She underlined advocate while reviewing the ""Supporter / x enemy"" group in her notes.",,,GRE|GMAT|IELTS,false,false
Aesthetic,/esˈθet.ɪk/,adjective,Concerned with beauty.,"Critics called the proposal aesthetic, noting that it was concerned with beauty.","artistic,tasteful","unattractive,ugly",GRE|IELTS,false,false
Affable,/ˈæf.ə.bəl/,adjective,Friendly and easy to talk to.,The affable speaker left little time for questions from the audience.,"amiable,genial","unfriendly,rude",GRE|GMAT,false,false
Affected,,word,A vocabulary term from the group: Artificial / pretense.,"In the ""Artificial / pretense"" word cluster, affected helps you spot synonyms on test day.",,,GRE|GMAT|IELTS,false,false
Affiliated,,word,"Full of happiness, joy, or delight.",She felt affiliated when the scholarship letter finally arrived.,,,GRE|GMAT|IELTS,false,false
Affinity,,noun,"A person, thing, or quality related to: Inclination.","In the ""Inclination"" word cluster, affinity helps you spot synonyms on test day.",,,GRE|GMAT|IELTS,false,false
Affirm,,word,A vocabulary term from the group: Confirm / approve.,"She underlined affirm while reviewing the ""Confirm / approve"" group in her notes.",,,GRE|GMAT|IELTS,false,false
Afflictions,,word,A vocabulary term from the group: Pain / suffering.,"In the ""Pain / suffering"" word cluster, afflictions helps you spot synonyms on test day.",,,GRE|GMAT|IELTS,false,false
Affluent,/ˈæf.lu.ənt/,adjective,Having a great deal of money.,"In context, the word affluent means having a great deal of money.","wealthy,prosperous","poor,impoverished",GRE|GMAT,false,false
Aggrandize,/əˈɡræn.daɪz/,verb,Increase power or status of.,The ceasefire helped aggrandize fighting in the border region.,"exalt,elevate","belittle,diminish",GRE,false,false
Aghast,,word,A vocabulary term from the group: Horrifying / shocking.,"In the ""Horrifying / shocking"" word cluster, aghast helps you spot synonyms on test day.",,,GRE|GMAT|IELTS,false,false
Agile,,word,Willing or able to change or adapt easily.,"In the ""Flexible"" word cluster, agile helps you spot synonyms on test day.",,,GRE|GMAT|IELTS,false,false
Alacrity,/əˈlæk.rə.ti/,noun,Brisk and cheerful readiness.,The passage defines alacrity as brisk and cheerful readiness.,"eagerness,promptness","apathy,reluctance",GRE,false,false
Alienate,,verb,To act in a way related to the idea of: Make hostile.,"She underlined alienate while reviewing the ""Make hostile"" group in her notes.",,,GRE|GMAT|IELTS,false,false
Allay,,adjective,Describing something related to: Calm down · + / to make less worse.,Officials hoped the treaty would allay tensions along the border.,,,GRE|GMAT|IELTS,false,false
Allegation,,noun,Expressing criticism or strong disapproval.,Editorials began to allegation the mayor for ignoring early warnings.,,,GRE|GMAT|IELTS,false,false
Allege,,word,Expressing criticism or strong disapproval.,Opponents allege the plan as costly and poorly timed.,,,GRE|GMAT|IELTS,false,false
Alleviate,/əˈliː.vi.eɪt/,verb,Make suffering less severe.,Leaders met to decide how best to alleviate the dispute.,"ease,relieve","aggravate,worsen",GRE|GMAT,false,false
Allude,,word,A vocabulary term from the group: Hint / indirect reference.,"She underlined allude while reviewing the ""Hint / indirect reference"" group in her notes.",,,GRE|GMAT|IELTS,false,false
Allure,,noun,"A person, thing, or quality related to: Tempt (−).","She underlined allure while reviewing the ""Tempt (−)"" group in her notes.",,,GRE|GMAT|IELTS,false,false
Allusion,,noun,"A person, thing, or quality related to: Hint / indirect reference.","She underlined allusion while reviewing the ""Hint / indirect reference"" group in her notes.",,,GRE|GMAT|IELTS,false,false
Ally,,adjective,Describing something related to: Supporter / x enemy.,"In the ""Supporter / x enemy"" word cluster, ally helps you spot synonyms on test day.",,,GRE|GMAT|IELTS,false,false
Aloof,,word,At the final stage; concluding.,"She underlined aloof while reviewing the ""Friendly"" group in her notes.",,opposite cluster,GRE|GMAT|IELTS,false,false
Altercation,,noun,"A person, thing, or quality related to: Argue / fight.","In the ""Argue / fight"" word cluster, altercation helps you spot synonyms on test day.",,,GRE|GMAT|IELTS,false,false
Altruist,,word,Willing to give or share freely; kind and generous.,Critics accused the firm of altruist behavior during the shortage.,,,GRE|GMAT|IELTS,false,false
Amalgamate,/əˈmæl.ɡə.meɪt/,verb,Combine or unite.,"In the passage, the author uses amalgamate to mean combine or unite.","merge,blend","separate,divide",GRE,false,false
Ambiguous,,adjective,Describing something related to: Unclear in meaning.,"In the ""Unclear in meaning"" word cluster, ambiguous helps you spot synonyms on test day.",,,GRE|GMAT|IELTS,false,false
Ambition,,noun,"A person, thing, or quality related to: Competitiveness.","She underlined ambition while reviewing the ""Competitiveness"" group in her notes.",,,GRE|GMAT|IELTS,false,false
Ambitious,,adjective,Describing something related to: Competitiveness.,"She underlined ambitious while reviewing the ""Competitiveness"" group in her notes.",,,GRE|GMAT|IELTS,false,false
Ambivalent,/æmˈbɪv.ə.lənt/,adjective,Having mixed feelings.,"In context, the word ambivalent means having mixed feelings.","uncertain,conflicted","certain,resolute",GRE|GMAT,false,false
Ameliorate,/əˈmiːl.i.ə.reɪt/,verb,Make something bad better.,The team hoped the policy would ameliorate the problem over time.,"improve,enhance","worsen,deteriorate",GRE,false,false
Amenable,/əˈmiː.nə.bəl/,adjective,Open and responsive to suggestion.,"In context, the word amenable means open and responsive to suggestion.","cooperative,agreeable","uncooperative,defiant",GRE,false,false
Amend,,word,A vocabulary term from the group: Correct / repair.,"She underlined amend while reviewing the ""Correct / repair"" group in her notes.",,,GRE|GMAT|IELTS,false,false
Amiable,/ˈeɪ.mi.ə.bəl/,adjective,Having a friendly manner.,"Critics called the proposal amiable, noting that it was having a friendly manner.","cordial,pleasant","hostile,unfriendly",GRE,false,false
Amicable,,adjective,At the final stage; concluding.,"In the ""Friendly"" word cluster, amicable helps you spot synonyms on test day.",,,GRE|GMAT|IELTS,false,false
Anachronism,/əˈnæk.rə.nɪ.zəm/,noun,Something belonging to another time.,The passage defines anachronism as something belonging to another time.,"archaism,relic","innovation,modernity",GRE,false,false
Analogy,,adjective,"Similar in nature, quality, or appearance.","She underlined analogy while reviewing the ""Similarity"" group in her notes.",,,GRE|GMAT|IELTS,false,false
Anatomical,,adjective,Describing something related to: Bodily.,"She underlined anatomical while reviewing the ""Bodily"" group in her notes.",,,GRE|GMAT|IELTS,false,false
Anecdote,,word,A vocabulary term from the group: Story.,"She underlined anecdote while reviewing the ""Story"" group in her notes.",,,GRE|GMAT|IELTS,false,false
Anguish,,adjective,"Marked by sadness, sorrow, or grief.",The poem captured a anguish mood without becoming sentimental.,,,GRE|GMAT|IELTS,false,false
Animosity,,noun,"A person, thing, or quality related to: Hate.","She underlined animosity while reviewing the ""Hate"" group in her notes.",,,GRE|GMAT|IELTS,false,false
Annihilate,,verb,To act in a way related to the idea of: Remove / destroy.,"She underlined annihilate while reviewing the ""Remove / destroy"" group in her notes.",,,GRE|GMAT|IELTS,false,false
Annul,,word,A vocabulary term from the group: Cancel / take back.,"In the ""Cancel / take back"" word cluster, annul helps you spot synonyms on test day.",,,GRE|GMAT|IELTS,false,false
Anoint,,word,A vocabulary term from the group: Disrespecting sacred things.,"She underlined anoint while reviewing the ""Disrespecting sacred things"" group in her notes.",,opposite cluster,GRE|GMAT|IELTS,false,false
Anomaly,/əˈnɒm.ə.li/,noun,Something that deviates from the norm.,The passage defines anomaly as something that deviates from the norm.,"irregularity,oddity","normality,standard",GRE|GMAT,false,false
Antagonist,,word,A vocabulary term from the group: Supporter / x enemy.,"In the ""Supporter / x enemy"" word cluster, antagonist helps you spot synonyms on test day.",,opposite cluster,GRE|GMAT|IELTS,false,false
Antagonize,,verb,To act in a way related to the idea of: Make hostile.,"In the ""Make hostile"" word cluster, antagonize helps you spot synonyms on test day.",,,GRE|GMAT|IELTS,false,false
Antecedent,,adjective,Describing something related to: Happening before main event.,"She underlined antecedent while reviewing the ""Happening before main event"" group in her notes.",,,GRE|GMAT|IELTS,false,false
Antedate,,verb,To act in a way related to the idea of: Happening before main event.,"In the ""Happening before main event"" word cluster, antedate helps you spot synonyms on test day.",,,GRE|GMAT|IELTS,false,false
Anticipate,,verb,To act in a way related to the idea of: Prediction.,"In the ""Prediction"" word cluster, anticipate helps you spot synonyms on test day.",,,GRE|GMAT|IELTS,false,false
Antidote,,word,A vocabulary term from the group: Cure.,"In the ""Cure"" word cluster, antidote helps you spot synonyms on test day.",,,GRE|GMAT|IELTS,false,false
Antipathy,/ænˈtɪp.ə.θi/,noun,A deep-seated feeling of dislike.,A sense of antipathy spread through the crowd after the announcement.,"aversion,hostility","liking,affection",GRE,false,false
Antiquated,,word,Belonging to an earlier time; old or outdated.,"In the ""Old fashioned / outdated"" word cluster, antiquated helps you spot synonyms on test day.",,,GRE|GMAT|IELTS,false,false
Antithetical,,adjective,"Similar in nature, quality, or appearance.","In the ""Similarity"" word cluster, antithetical helps you spot synonyms on test day.",,opposite cluster,GRE|GMAT|IELTS,false,false
Apathetic,,adjective,Not alike; clearly different in nature or quality.,Critics noted apathetic styles between the first and second novels.,,,GRE|GMAT|IELTS,false,false
Aplomb,,word,Not alike; clearly different in nature or quality.,The two reports reached aplomb conclusions from the same survey data.,,,GRE|GMAT|IELTS,false,false
Appalling,,word,A vocabulary term from the group: Horrifying / shocking.,"In the ""Horrifying / shocking"" word cluster, appalling helps you spot synonyms on test day.",,,GRE|GMAT|IELTS,false,false
Appease,/əˈpiːz/,verb,Pacify by accepting demands.,Leaders met to decide how best to appease the dispute.,"placate,mollify","provoke,aggravate",GRE,false,false
Applaud,,word,Expressing praise or admiration.,Reviewers applaud the author for turning complex ideas into clear prose.,,,GRE|GMAT|IELTS,false,false
Apprehend,,word,A vocabulary term from the group: Understand.,"She underlined apprehend while reviewing the ""Understand"" group in her notes.",,,GRE|GMAT|IELTS,false,false
Apprehensive,,adjective,Describing something related to: Doubtful.,"In the ""Doubtful"" word cluster, apprehensive helps you spot synonyms on test day.",,,GRE|GMAT|IELTS,false,false
Apprentice,,word,At the beginning; initial.,"She underlined apprentice while reviewing the ""Beginner / inexperienced"" group in her notes.",,,GRE|GMAT|IELTS,false,false
Approbation,/ˌæp.rəˈbeɪ.ʃən/,noun,Approval or praise.,Understanding the approbation helps you grasp the author's argument.,"commendation,endorsement","condemnation,criticism",GRE,false,false
Appropriate,,verb,To act in a way related to the idea of: Take away forcibly.,"She underlined appropriate while reviewing the ""Take away forcibly"" group in her notes.",,,GRE|GMAT|IELTS,false,false
Aptitude,,word,A vocabulary term from the group: Inclination.,"In the ""Inclination"" word cluster, aptitude helps you spot synonyms on test day.",,,GRE|GMAT|IELTS,false,false
Arbitrary,/ˈɑː.bɪ.trər.i/,adjective,Based on random choice.,"Critics called the proposal arbitrary, noting that it was based on random choice.","capricious,random","reasoned,systematic",GRE|GMAT,false,false
Arcane,/ɑːˈkeɪn/,adjective,Understood by few.,The situation seemed arcane to anyone who read the full report.,"esoteric,mysterious","common,obvious",GRE,false,false
Archaic,,adjective,Belonging to an earlier time; old or outdated.,"She underlined archaic while reviewing the ""Old fashioned / outdated"" group in her notes.",,,GRE|GMAT|IELTS,false,false
Archetype,,word,A vocabulary term from the group: Best example.,"She underlined archetype while reviewing the ""Best example"" group in her notes.",,,GRE|GMAT|IELTS,false,false
Ardent,,adjective,Describing something related to: Enthusiastic / excited.,"In the ""Enthusiastic / excited"" word cluster, ardent helps you spot synonyms on test day.",,,GRE|GMAT|IELTS,false,false
Ardor,,noun,"A person, thing, or quality related to: Enthusiastic / excited.","In the ""Enthusiastic / excited"" word cluster, ardor helps you spot synonyms on test day.",,,GRE|GMAT|IELTS,false,false
Arduous,/ˈɑː.dʒu.əs/,adjective,Involving great effort.,"In context, the word arduous means involving great effort.","strenuous,laborious","easy,effortless",GRE|IELTS,false,false
Arresting,,word,A vocabulary term from the group: Attract / fascinate.,"She underlined arresting while reviewing the ""Attract / fascinate"" group in her notes.",,,GRE|GMAT|IELTS,false,false
Arrogant,,adjective,Describing something related to: Overly proud (−).,"In the ""Overly proud (−)"" word cluster, arrogant helps you spot synonyms on test day.",,,GRE|GMAT|IELTS,false,false
Artful,,adjective,Describing something related to: Cheat / deceive.,"In the ""Cheat / deceive"" word cluster, artful helps you spot synonyms on test day.",,,GRE|GMAT|IELTS,false,false
Articulate,/ɑːˈtɪk.jə.lət/,adjective,Fluent and clear in speech.,The professor gave an articulate explanation that even beginners could follow.,"eloquent,coherent","inarticulate,unclear",GRE|IELTS,false,false
Artifice,/ˈɑː.tɪ.fɪs/,noun,Clever trick or deception.,Understanding the artifice helps you grasp the author's argument.,"ruse,stratagem","honesty,sincerity",GRE,false,false
Artless,,adjective,Describing something related to: Easily fooled / innocent.,It was a artless move to negotiate before costs rose further.,,,GRE|GMAT|IELTS,false,false
Ascertain,,verb,To act in a way related to the idea of: Confirm / approve.,"In the ""Confirm / approve"" word cluster, ascertain helps you spot synonyms on test day.",,,GRE|GMAT|IELTS,false,false
Aspersion,,noun,"A person, thing, or quality related to: Accuse / defame.","In the ""Accuse / defame"" word cluster, aspersion helps you spot synonyms on test day.",,,GRE|GMAT|IELTS,false,false
Aspiration,,noun,"A person, thing, or quality related to: Competitiveness.","In the ""Competitiveness"" word cluster, aspiration helps you spot synonyms on test day.",,,GRE|GMAT|IELTS,false,false
Assail,,word,Expressing criticism or strong disapproval.,"Teachers rarely assail students in public, preferring private feedback.",,,GRE|GMAT|IELTS,false,false
Assent,,adjective,Describing something related to: Accept / agree / give in.,"In the ""Accept / agree / give in"" word cluster, assent helps you spot synonyms on test day.",,,GRE|GMAT|IELTS,false,false
Assert,,word,Clear and easy to understand.,"In the ""To claim / declare"" word cluster, assert helps you spot synonyms on test day.",,,GRE|GMAT|IELTS,false,false
Assiduous,,adjective,Describing something related to: Hard working (+).,"In the ""Hard working (+)"" word cluster, assiduous helps you spot synonyms on test day.",,,GRE|GMAT|IELTS,false,false
Assimilate,,verb,To act in a way related to the idea of: Understand.,"In the ""Understand"" word cluster, assimilate helps you spot synonyms on test day.",,,GRE|GMAT|IELTS,false,false
Assuage,/əˈsweɪdʒ/,verb,Make an unpleasant feeling less intense.,The team hoped the policy would assuage the problem over time.,"alleviate,soothe","aggravate,intensify",GRE,false,false
Astound,,word,Confused or bewildered.,"In the ""Confused / taken aback"" word cluster, astound helps you spot synonyms on test day.",,,GRE|GMAT|IELTS,false,false
Astray,,adjective,Describing something related to: Go off-track.,"In the ""Go off-track"" word cluster, astray helps you spot synonyms on test day.",,,GRE|GMAT|IELTS,false,false
Atrophy,,adjective,"Lacking strength, power, or effectiveness.","She underlined atrophy while reviewing the ""To lose strength / to weaken"" group in her notes.",,,GRE|GMAT|IELTS,false,false
Attenuate,,verb,"Lacking strength, power, or effectiveness.","She underlined attenuate while reviewing the ""To lose strength / to weaken"" group in her notes.",,,GRE|GMAT|IELTS,false,false
Attrition,,noun,"Lacking strength, power, or effectiveness.","In the ""To lose strength / to weaken"" word cluster, attrition helps you spot synonyms on test day.",,,GRE|GMAT|IELTS,false,false
Atypical,,adjective,Describing something related to: Illogical / strange.,"She underlined atypical while reviewing the ""Illogical / strange"" group in her notes.",,,GRE|GMAT|IELTS,false,false
Audacious,,adjective,Showing courage or bravery in the face of difficulty.,"In the ""Disrespectfully bold (−)"" word cluster, audacious helps you spot synonyms on test day.",,,GRE|GMAT|IELTS,false,false
Augment,,noun,"Greater in size, amount, or intensity.",Small savings can augment quickly when invested with discipline.,,,GRE|GMAT|IELTS,false,false
Austere,,word,A vocabulary term from the group: Severe / strict.,"She underlined austere while reviewing the ""Severe / strict"" group in her notes.",,,GRE|GMAT|IELTS,false,false
Authentic,,adjective,Intended to mislead or deceive.,"She underlined authentic while reviewing the ""Fake / deceptive"" group in her notes.",,opposite cluster,GRE|GMAT|IELTS,false,false
Authoritative,,adjective,Describing something related to: Dominating (−).,"She underlined authoritative while reviewing the ""Dominating (−)"" group in her notes.",,,GRE|GMAT|IELTS,false,false
Autocrat,,word,A vocabulary term from the group: Dominating (−).,"She underlined autocrat while reviewing the ""Dominating (−)"" group in her notes.",,,GRE|GMAT|IELTS,false,false
Autonomy,,adjective,At the final stage; concluding.,"In the ""Independence / freedom"" word cluster, autonomy helps you spot synonyms on test day.",,,GRE|GMAT|IELTS,false,false
Avarice,/ˈæv.ər.ɪs/,noun,Extreme greed for wealth.,Understanding the avarice helps you grasp the author's argument.,"greed,cupidity","generosity,charity",GRE,false,false
Aversion,,noun,"A person, thing, or quality related to: Hate.","She underlined aversion while reviewing the ""Hate"" group in her notes.",,,GRE|GMAT|IELTS,false,false
Avert,,word,A vocabulary term from the group: Avoid / dodge.,"In the ""Avoid / dodge"" word cluster, avert helps you spot synonyms on test day.",,,GRE|GMAT|IELTS,false,false
Avid,,word,A vocabulary term from the group: Enthusiastic / excited.,"In the ""Enthusiastic / excited"" word cluster, avid helps you spot synonyms on test day.",,,GRE|GMAT|IELTS,false,false
Avow,,word,Clear and easy to understand.,"She underlined avow while reviewing the ""To claim / declare"" group in her notes.",,,GRE|GMAT|IELTS,false,false
Baffle,,word,Confused or bewildered.,"In the ""Confused / taken aback"" word cluster, baffle helps you spot synonyms on test day.",,,GRE|GMAT|IELTS,false,false
Balloon,,word,"Greater in size, amount, or intensity.",Scholars watched the debate balloon into new areas of policy.,,,GRE|GMAT|IELTS,false,false
Ballot,,word,A vocabulary term from the group: A vote.,"In the ""A vote"" word cluster, ballot helps you spot synonyms on test day.",,,GRE|GMAT|IELTS,false,false
Banal,/bəˈnɑːl/,adjective,Lacking originality; trite.,The situation seemed banal to anyone who read the full report.,"trite,hackneyed","original,novel",GRE|GMAT,false,false
Bane,,word,A vocabulary term from the group: Harmful / curse.,"In the ""Harmful / curse"" word cluster, bane helps you spot synonyms on test day.",,,GRE|GMAT|IELTS,false,false
Banter,,word,A vocabulary term from the group: Mock / disrespect (−).,"In the ""Mock / disrespect (−)"" word cluster, banter helps you spot synonyms on test day.",,,GRE|GMAT|IELTS,false,false
Barren,,verb,To act in a way related to the idea of: Bare.,"In the ""Bare"" word cluster, barren helps you spot synonyms on test day.",,,GRE|GMAT|IELTS,false,false
Base,,word,A vocabulary term from the group: Spiritual / x earthly.,"She underlined base while reviewing the ""Spiritual / x earthly"" group in her notes.",,opposite cluster,GRE|GMAT|IELTS,false,false
Bask,,word,A vocabulary term from the group: Self-satisfaction (−).,"She underlined bask while reviewing the ""Self-satisfaction (−)"" group in her notes.",,,GRE|GMAT|IELTS,false,false
Beam,,word,"Full of happiness, joy, or delight.",The beam mood in the hall lifted after the good news.,,,GRE|GMAT|IELTS,false,false
Becloud,,word,A vocabulary term from the group: Unclear / hazy.,"In the ""Unclear / hazy"" word cluster, becloud helps you spot synonyms on test day.",,,GRE|GMAT|IELTS,false,false
Behold,,word,A vocabulary term from the group: To see.,"In the ""To see"" word cluster, behold helps you spot synonyms on test day.",,,GRE|GMAT|IELTS,false,false
Beholden,,verb,To act in a way related to the idea of: Thankful / bound*.,"She underlined beholden while reviewing the ""Thankful / bound*"" group in her notes.",,,GRE|GMAT|IELTS,false,false
Belabor,,noun,Clear and easy to understand.,"She underlined belabor while reviewing the ""Explain too much"" group in her notes.",,,GRE|GMAT|IELTS,false,false
Beleaguered,,word,A vocabulary term from the group: Troubled.,"She underlined beleaguered while reviewing the ""Troubled"" group in her notes.",,,GRE|GMAT|IELTS,false,false
Belie,/bɪˈlaɪ/,verb,Fail to give a true impression.,"In the passage, the author uses belie to mean fail to give a true impression.","contradict,mask","reveal,confirm",GRE,false,false
Belittle,,word,A vocabulary term from the group: Mock / disrespect (−).,"She underlined belittle while reviewing the ""Mock / disrespect (−)"" group in her notes.",,,GRE|GMAT|IELTS,false,false
Bellicose,,word,A vocabulary term from the group: Aggressive / argumentative.,"In the ""Aggressive / argumentative"" word cluster, bellicose helps you spot synonyms on test day.",,,GRE|GMAT|IELTS,false,false
Belligerent,,adjective,Describing something related to: Aggressive / argumentative.,"She underlined belligerent while reviewing the ""Aggressive / argumentative"" group in her notes.",,,GRE|GMAT|IELTS,false,false
Bemuse,,word,Confused or bewildered.,"She underlined bemuse while reviewing the ""Confused / taken aback"" group in her notes.",,,GRE|GMAT|IELTS,false,false
Benefactor,,noun,Willing to give or share freely; kind and generous.,The tale warns against benefactor when success finally arrives.,,,GRE|GMAT|IELTS,false,false
Beneficent,/bɪˈnef.ɪ.sənt/,adjective,Doing good; charitable.,"Neighbors described her as beneficent, always ready to help newcomers settle in.","benevolent,generous","malevolent,selfish",GRE,false,false
Benevolent,,adjective,Willing to give or share freely; kind and generous.,Critics accused the firm of benevolent behavior during the shortage.,,,GRE|GMAT|IELTS,false,false
Benign,,word,A vocabulary term from the group: Harmful / curse.,"She underlined benign while reviewing the ""Harmful / curse"" group in her notes.",,opposite cluster,GRE|GMAT|IELTS,false,false
Benignant,,adjective,Willing to give or share freely; kind and generous.,Critics accused the firm of benignant behavior during the shortage.,,,GRE|GMAT|IELTS,false,false
Bent,,adjective,Describing something related to: Inclination.,"She underlined bent while reviewing the ""Inclination"" group in her notes.",,,GRE|GMAT|IELTS,false,false
Berate,,verb,Belonging to an earlier time; old or outdated.,Opponents berate the plan as costly and poorly timed.,,,GRE|GMAT|IELTS,false,false
Bereaved,,word,"Marked by sadness, sorrow, or grief.",The poem captured a bereaved mood without becoming sentimental.,,,GRE|GMAT|IELTS,false,false
Beset,,word,A vocabulary term from the group: Troubled.,"She underlined beset while reviewing the ""Troubled"" group in her notes.",,,GRE|GMAT|IELTS,false,false
Bewilder,,word,Confused or bewildered.,"In the ""Confused / taken aback"" word cluster, bewilder helps you spot synonyms on test day.",,,GRE|GMAT|IELTS,false,false
Bigot,,word,A vocabulary term from the group: Biased / partial.,"She underlined bigot while reviewing the ""Biased / partial"" group in her notes.",,,GRE|GMAT|IELTS,false,false
Bizarre,,word,A vocabulary term from the group: Illogical / strange.,"She underlined bizarre while reviewing the ""Illogical / strange"" group in her notes.",,,GRE|GMAT|IELTS,false,false
Bland,,word,A vocabulary term from the group: Boring / dull.,"She underlined bland while reviewing the ""Boring / dull"" group in her notes.",,,GRE|GMAT|IELTS,false,false
Blandishment,,noun,"A person, thing, or quality related to: Persuade with flattery.",Reviewers blandishment the author for turning complex ideas into clear prose.,,,GRE|GMAT|IELTS,false,false
Blasphemy,,adjective,Describing something related to: Disrespecting sacred things.,"She underlined blasphemy while reviewing the ""Disrespecting sacred things"" group in her notes.",,,GRE|GMAT|IELTS,false,false
Blatant,,adjective,Describing something related to: Hint / indirect reference.,"In the ""Hint / indirect reference"" word cluster, blatant helps you spot synonyms on test day.",,opposite cluster,GRE|GMAT|IELTS,false,false
Bleak,,word,"Marked by sadness, sorrow, or grief.",Rain against the window added to the bleak atmosphere of the scene.,,,GRE|GMAT|IELTS,false,false
Blemish,,adjective,Describing something related to: Spotted / stained.,"In the ""Spotted / stained"" word cluster, blemish helps you spot synonyms on test day.",,,GRE|GMAT|IELTS,false,false
Blight,,word,A vocabulary term from the group: Harmful / curse.,"In the ""Harmful / curse"" word cluster, blight helps you spot synonyms on test day.",,,GRE|GMAT|IELTS,false,false
Blithe,,word,A vocabulary term from the group: Disrespectfully casual / non-serious.,"In the ""Disrespectfully casual / non-serious"" word cluster, blithe helps you spot synonyms on test day.",,,GRE|GMAT|IELTS,false,false
Bolster,/ˈbəʊl.stər/,verb,Support or strengthen.,New data helped bolster the scientist's central claim.,"reinforce,fortify","undermine,weaken",GRE|GMAT,false,false
Boon,,word,A vocabulary term from the group: Harmful / curse.,"In the ""Harmful / curse"" word cluster, boon helps you spot synonyms on test day.",,opposite cluster,GRE|GMAT|IELTS,false,false
Braggart,,word,A vocabulary term from the group: Overly proud (−).,"In the ""Overly proud (−)"" word cluster, braggart helps you spot synonyms on test day.",,,GRE|GMAT|IELTS,false,false
Brandish,,adjective,Describing something related to: Show - off (−).,"She underlined brandish while reviewing the ""Show - off (−)"" group in her notes.",,,GRE|GMAT|IELTS,false,false
Brazen,,verb,Showing courage or bravery in the face of difficulty.,"In the ""Disrespectfully bold (−)"" word cluster, brazen helps you spot synonyms on test day.",,,GRE|GMAT|IELTS,false,false
Breach,,word,"A temporary pause, break, or gap in continuity.","She underlined breach while reviewing the ""Break a rule"" group in her notes.",,,GRE|GMAT|IELTS,false,false
Brevity,,noun,"A person, thing, or quality related to: Speak less / few words.",The witness remained brevity until the lawyer asked a direct question.,,,GRE|GMAT|IELTS,false,false
Bridle,,word,A vocabulary term from the group: Restrain / x set free.,"In the ""Restrain / x set free"" word cluster, bridle helps you spot synonyms on test day.",,,GRE|GMAT|IELTS,false,false
Bromide,,word,A vocabulary term from the group: Ordinary / unoriginal (−).,"In the ""Ordinary / unoriginal (−)"" word cluster, bromide helps you spot synonyms on test day.",,,GRE|GMAT|IELTS,false,false
Browse,,word,A vocabulary term from the group: Examine carefully.,"In the ""Examine carefully"" word cluster, browse helps you spot synonyms on test day.",,,GRE|GMAT|IELTS,false,false
Brush,,word,A vocabulary term from the group: Disregard.,"In the ""Disregard"" word cluster, brush helps you spot synonyms on test day.",,,GRE|GMAT|IELTS,false,false
Bucolic,,adjective,Describing something related to: Village-like.,"She underlined bucolic while reviewing the ""Village-like"" group in her notes.",,,GRE|GMAT|IELTS,false,false
Buoyant,,adjective,Describing something related to: Optimistic.,"In the ""Optimistic"" word cluster, buoyant helps you spot synonyms on test day.",,,GRE|GMAT|IELTS,false,false
Burgeon,/ˈbɜː.dʒən/,verb,Begin to grow rapidly.,The team hoped the policy would burgeon the problem over time.,"flourish,expand","shrink,wither",GRE,false,false
Burnished,,word,A vocabulary term from the group: Shining.,"In the ""Shining"" word cluster, burnished helps you spot synonyms on test day.",,,GRE|GMAT|IELTS,false,false
Buttress,/ˈbʌt.rəs/,verb,Support or strengthen.,New data helped buttress the scientist's central claim.,"bolster,reinforce","undermine,weaken",GRE,false,false
Cacophony,/kəˈkɒf.ə.ni/,noun,A harsh mixture of sounds.,The passage defines cacophony as a harsh mixture of sounds.,"discord,dissonance","harmony,melody",GRE,false,false
Cajole,/kəˈdʒəʊl/,verb,Persuade with flattery.,Leaders met to decide how best to cajole the dispute.,"coax,wheedle","dissuade,repel",GRE,false,false
Calamitous,,adjective,Describing something related to: Disaster.,"In the ""Disaster"" word cluster, calamitous helps you spot synonyms on test day.",,,GRE|GMAT|IELTS,false,false
Calculated,,word,A vocabulary term from the group: Planned / x spontaneous.,"In the ""Planned / x spontaneous"" word cluster, calculated helps you spot synonyms on test day.",,,GRE|GMAT|IELTS,false,false
Callous,/ˈkæl.əs/,adjective,Showing cruel disregard.,The situation seemed callous to anyone who read the full report.,"heartless,insensitive","compassionate,sensitive",GRE,false,false
Camouflage,,noun,"A person, thing, or quality related to: Hide / cover / disguise.","In the ""Hide / cover / disguise"" word cluster, camouflage helps you spot synonyms on test day.",,,GRE|GMAT|IELTS,false,false
Candid,/ˈkæn.dɪd/,adjective,Truthful and straightforward.,"Critics called the proposal candid, noting that it was truthful and straightforward.","frank,honest","deceptive,evasive",GRE|GMAT,false,false
Candor,,noun,"Honest, truthful, and straightforward.",A candor apology can repair trust faster than a clever excuse.,,,GRE|GMAT|IELTS,false,false
Canons,,word,A vocabulary term from the group: Rule / principle / law.,"In the ""Rule / principle / law"" word cluster, canons helps you spot synonyms on test day.",,,GRE|GMAT|IELTS,false,false
Cantankerous,,adjective,"Full of anger, rage, or irritation.","In the ""Irritable"" word cluster, cantankerous helps you spot synonyms on test day.",,,GRE|GMAT|IELTS,false,false
Capacious,,adjective,Describing something related to: Huge / big.,"In the ""Huge / big"" word cluster, capacious helps you spot synonyms on test day.",,,GRE|GMAT|IELTS,false,false
Capitulate,,verb,"Give up, abandon, or stop pursuing something.","In the ""To defeat / # surrender"" word cluster, capitulate helps you spot synonyms on test day.",,,GRE|GMAT|IELTS,false,false
Capricious,/kəˈprɪʃ.əs/,adjective,Given to sudden changes.,"In context, the word capricious means given to sudden changes.","fickle,unpredictable","steady,constant",GRE,false,false
Captious,,adjective,Describing something related to: Complain · Low degree.,The coach took a moment to captious the team for its hard work.,,,GRE|GMAT|IELTS,false,false
Captivate,,verb,To act in a way related to the idea of: Attract / fascinate.,"She underlined captivate while reviewing the ""Attract / fascinate"" group in her notes.",,,GRE|GMAT|IELTS,false,false
Castigate,/ˈkæs.tɪ.ɡeɪt/,verb,Reprimand severely.,Leaders met to decide how best to castigate the dispute.,"berate,chastise","praise,commend",GRE,false,false
Catastrophe,,word,A vocabulary term from the group: Disaster.,"In the ""Disaster"" word cluster, catastrophe helps you spot synonyms on test day.",,,GRE|GMAT|IELTS,false,false
Categorical,,adjective,Describing something related to: Sure / certain / x conditional.,"In the ""Sure / certain / x conditional"" word cluster, categorical helps you spot synonyms on test day.",,,GRE|GMAT|IELTS,false,false
Catharsis,,word,A vocabulary term from the group: Get rid of / cleanse.,"In the ""Get rid of / cleanse"" word cluster, catharsis helps you spot synonyms on test day.",,,GRE|GMAT|IELTS,false,false
Caustic,/ˈkɔː.stɪk/,adjective,Sarcastic in a scathing way.,"Critics called the proposal caustic, noting that it was sarcastic in a scathing way.","biting,acerbic","mild,gentle",GRE,false,false
Cavalier,,word,A vocabulary term from the group: Overly proud (−).,"She underlined cavalier while reviewing the ""Overly proud (−)"" group in her notes.",,,GRE|GMAT|IELTS,false,false
Caveat,,word,A vocabulary term from the group: Cautious / careful / x risky.,"In the ""Cautious / careful / x risky"" word cluster, caveat helps you spot synonyms on test day.",,,GRE|GMAT|IELTS,false,false
Cease,,word,At the final stage; concluding.,"She underlined cease while reviewing the ""End / stop"" group in her notes.",,,GRE|GMAT|IELTS,false,false
Cede,,verb,"Give up, abandon, or stop pursuing something.","She underlined cede while reviewing the ""Give up"" group in her notes.",,,GRE|GMAT|IELTS,false,false
Censure,/ˈsen.ʃər/,verb,Express severe disapproval.,Constant interruptions began to censure her confidence on stage.,"condemn,rebuke","praise,approve",GRE,false,false
Cerebral,,adjective,Describing something related to: Detailed knowledge / intellectual.,"In the ""Detailed knowledge / intellectual"" word cluster, cerebral helps you spot synonyms on test day.",,,GRE|GMAT|IELTS,false,false
Certitude,,word,A vocabulary term from the group: Sure / certain / x conditional.,"She underlined certitude while reviewing the ""Sure / certain / x conditional"" group in her notes.",,,GRE|GMAT|IELTS,false,false
Cessation,,noun,At the final stage; concluding.,"She underlined cessation while reviewing the ""End / stop"" group in her notes.",,,GRE|GMAT|IELTS,false,false
Chagrin,,word,"Full of anger, rage, or irritation.","In the ""Irritable"" word cluster, chagrin helps you spot synonyms on test day.",,,GRE|GMAT|IELTS,false,false
Champion,,word,A vocabulary term from the group: Supporter / x enemy.,"She underlined champion while reviewing the ""Supporter / x enemy"" group in her notes.",,,GRE|GMAT|IELTS,false,false
Chasm,,word,A vocabulary term from the group: Split / gap.,"In the ""Split / gap"" word cluster, chasm helps you spot synonyms on test day.",,,GRE|GMAT|IELTS,false,false
Chastise,,verb,Belonging to an earlier time; old or outdated.,Editorials began to chastise the mayor for ignoring early warnings.,,,GRE|GMAT|IELTS,false,false
Check,,word,A vocabulary term from the group: Restrict / stop / prevent.,"In the ""Restrict / stop / prevent"" word cluster, check helps you spot synonyms on test day.",,,GRE|GMAT|IELTS,false,false
Chivalry,,adjective,Showing courage or bravery in the face of difficulty.,"In the ""Brave"" word cluster, chivalry helps you spot synonyms on test day.",,,GRE|GMAT|IELTS,false,false
Chronic,,adjective,At the final stage; concluding.,"In the ""Never ending / non stop"" word cluster, chronic helps you spot synonyms on test day.",,,GRE|GMAT|IELTS,false,false
Chronicle,,word,A vocabulary term from the group: Arranged in time.,"She underlined chronicle while reviewing the ""Arranged in time"" group in her notes.",,,GRE|GMAT|IELTS,false,false
Chronological,,adjective,Describing something related to: Arranged in time.,"In the ""Arranged in time"" word cluster, chronological helps you spot synonyms on test day.",,,GRE|GMAT|IELTS,false,false
Circuitous,,adjective,Describing something related to: Having twists / turns / complex.,Colleagues circuitous her calm leadership during the merger.,,,GRE|GMAT|IELTS,false,false
Circumscribe,,word,A vocabulary term from the group: Restrain / x set free.,"She underlined circumscribe while reviewing the ""Restrain / x set free"" group in her notes.",,,GRE|GMAT|IELTS,false,false
Circumspect,,word,A vocabulary term from the group: Cautious / careful / x risky.,"In the ""Cautious / careful / x risky"" word cluster, circumspect helps you spot synonyms on test day.",,,GRE|GMAT|IELTS,false,false
Circumvent,,adjective,Describing something related to: Avoid / dodge.,"In the ""Avoid / dodge"" word cluster, circumvent helps you spot synonyms on test day.",,,GRE|GMAT|IELTS,false,false
Cite,,word,A vocabulary term from the group: Hint / indirect reference.,"She underlined cite while reviewing the ""Hint / indirect reference"" group in her notes.",,opposite cluster,GRE|GMAT|IELTS,false,false
Clamor,,noun,"A person, thing, or quality related to: Overly noisy (−).","In the ""Overly noisy (−)"" word cluster, clamor helps you spot synonyms on test day.",,,GRE|GMAT|IELTS,false,false
Clandestine,,adjective,Describing something related to: Secret (−).,"In the ""Secret (−)"" word cluster, clandestine helps you spot synonyms on test day.",,,GRE|GMAT|IELTS,false,false
Clangor,,noun,"A person, thing, or quality related to: Overly noisy (−).","In the ""Overly noisy (−)"" word cluster, clangor helps you spot synonyms on test day.",,,GRE|GMAT|IELTS,false,false
Clarity,,noun,"A person, thing, or quality related to: Clear · Physically & in meaning.","In the ""Clear · Physically & in meaning"" word cluster, clarity helps you spot synonyms on test day.",,,GRE|GMAT|IELTS,false,false
Clerical,,adjective,Describing something related to: Not sacred / worldly.,"She underlined clerical while reviewing the ""Not sacred / worldly"" group in her notes.",,opposite cluster,GRE|GMAT|IELTS,false,false
Clich,,word,A vocabulary term from the group: Ordinary / unoriginal (−).,"She underlined clich while reviewing the ""Ordinary / unoriginal (−)"" group in her notes.",,,GRE|GMAT|IELTS,false,false
Cloak,,word,A vocabulary term from the group: Hide / cover / disguise.,"In the ""Hide / cover / disguise"" word cluster, cloak helps you spot synonyms on test day.",,,GRE|GMAT|IELTS,false,false
Closefisted,,word,At the final stage; concluding.,The mentor offered closefisted advice that changed her study habits.,,,GRE|GMAT|IELTS,false,false
Coalesce,/ˌkəʊ.əlˈes/,verb,Come together to form one.,Leaders met to decide how best to coalesce the dispute.,"merge,unite","separate,split",GRE|GMAT,false,false
Coalition,,noun,"A person, thing, or quality related to: Combine.","In the ""Combine"" word cluster, coalition helps you spot synonyms on test day.",,,GRE|GMAT|IELTS,false,false
Coax,,word,A vocabulary term from the group: Persuade with flattery.,Colleagues coax her calm leadership during the merger.,,,GRE|GMAT|IELTS,false,false
Coercion,,word,A vocabulary term from the group: Force / put pressure.,"In the ""Force / put pressure"" word cluster, coercion helps you spot synonyms on test day.",,,GRE|GMAT|IELTS,false,false
Cogent,/ˈkəʊ.dʒənt/,adjective,Clear and convincing.,The professor gave an cogent explanation that even beginners could follow.,"compelling,persuasive","weak,unconvincing",GRE,false,false
Cognizant,,adjective,Describing something related to: Aware / x unaware.,"She underlined cognizant while reviewing the ""Aware / x unaware"" group in her notes.",,,GRE|GMAT|IELTS,false,false
Coherent,,adjective,Describing something related to: Fluent / clear.,"In the ""Fluent / clear"" word cluster, coherent helps you spot synonyms on test day.",,,GRE|GMAT|IELTS,false,false
Collude,,word,A vocabulary term from the group: Plot / trick (−).,"In the ""Plot / trick (−)"" word cluster, collude helps you spot synonyms on test day.",,,GRE|GMAT|IELTS,false,false
Colossal,,adjective,Describing something related to: Huge / big.,"In the ""Huge / big"" word cluster, colossal helps you spot synonyms on test day.",,,GRE|GMAT|IELTS,false,false
Comely,,adjective,Describing something related to: Attractive.,"She underlined comely while reviewing the ""Attractive"" group in her notes.",,,GRE|GMAT|IELTS,false,false
Commendable,,adjective,Expressing praise or admiration.,The coach took a moment to commendable the team for its hard work.,,,GRE|GMAT|IELTS,false,false
Commensurate,/kəˈmen.sər.ət/,adjective,Corresponding in size or degree.,"Critics called the proposal commensurate, noting that it was corresponding in size or degree.","proportionate,equivalent","disproportionate,unequal",GRE,false,false
Commonplace,,word,A vocabulary term from the group: Ordinary / unoriginal (−).,"In the ""Ordinary / unoriginal (−)"" word cluster, commonplace helps you spot synonyms on test day.",,,GRE|GMAT|IELTS,false,false
Compassion,,noun,"A person, thing, or quality related to: Sympathy.","In the ""Sympathy"" word cluster, compassion helps you spot synonyms on test day.",,,GRE|GMAT|IELTS,false,false
Compel,,verb,To act in a way related to the idea of: Force / put pressure.,"In the ""Force / put pressure"" word cluster, compel helps you spot synonyms on test day.",,,GRE|GMAT|IELTS,false,false
Compensate,,verb,To act in a way related to the idea of: Correct / repair.,"She underlined compensate while reviewing the ""Correct / repair"" group in her notes.",,,GRE|GMAT|IELTS,false,false
Complacent,/kəmˈpleɪ.sənt/,adjective,Smugly self-satisfied.,The situation seemed complacent to anyone who read the full report.,"smug,content","concerned,dissatisfied",GRE|GMAT,false,false
Compliant,,adjective,Describing something related to: Accept / agree / give in.,"She underlined compliant while reviewing the ""Accept / agree / give in"" group in her notes.",,,GRE|GMAT|IELTS,false,false
Complicated,,word,A vocabulary term from the group: Having twists / turns / complex.,Colleagues complicated her calm leadership during the merger.,,,GRE|GMAT|IELTS,false,false
Comply,,adjective,Describing something related to: Accept / agree / give in.,"In the ""Accept / agree / give in"" word cluster, comply helps you spot synonyms on test day.",,,GRE|GMAT|IELTS,false,false
Composure,,noun,Not alike; clearly different in nature or quality.,Urban and rural communities often have composure needs during a crisis.,,,GRE|GMAT|IELTS,false,false
Comprehend,,word,A vocabulary term from the group: Understand.,"She underlined comprehend while reviewing the ""Understand"" group in her notes.",,,GRE|GMAT|IELTS,false,false
Comprehensive,,adjective,Describing something related to: Include everything.,"In the ""Include everything"" word cluster, comprehensive helps you spot synonyms on test day.",,,GRE|GMAT|IELTS,false,false
Compulsion,,noun,"A person, thing, or quality related to: Force / put pressure.","She underlined compulsion while reviewing the ""Force / put pressure"" group in her notes.",,,GRE|GMAT|IELTS,false,false
Conceal,,adjective,Describing something related to: Reveal / x hide.,"She underlined conceal while reviewing the ""Reveal / x hide"" group in her notes.",,opposite cluster,GRE|GMAT|IELTS,false,false
Concede,,verb,To act in a way related to the idea of: Accept / agree / give in.,"She underlined concede while reviewing the ""Accept / agree / give in"" group in her notes.",,,GRE|GMAT|IELTS,false,false
Conceited,,word,A vocabulary term from the group: Overly proud (−).,"In the ""Overly proud (−)"" word cluster, conceited helps you spot synonyms on test day.",,,GRE|GMAT|IELTS,false,false
Conceivable,,adjective,Describing something related to: Practical / possible.,"She underlined conceivable while reviewing the ""Practical / possible"" group in her notes.",,,GRE|GMAT|IELTS,false,false
Conciliate,,verb,To act in a way related to the idea of: Calm down · + / to make less worse.,Officials hoped the treaty would conciliate tensions along the border.,,,GRE|GMAT|IELTS,false,false
Concoct,,word,A vocabulary term from the group: To make up / create.,"She underlined concoct while reviewing the ""To make up / create"" group in her notes.",,,GRE|GMAT|IELTS,false,false
Concord,,word,A vocabulary term from the group: Agreement / harmony.,"In the ""Agreement / harmony"" word cluster, concord helps you spot synonyms on test day.",,,GRE|GMAT|IELTS,false,false
Condemn,,word,A vocabulary term from the group: Punish.,"In the ""Punish"" word cluster, condemn helps you spot synonyms on test day.",,,GRE|GMAT|IELTS,false,false
Condense,,word,A vocabulary term from the group: Speak less / few words.,"He tends to condense when nervous, filling every pause in conversation.",,,GRE|GMAT|IELTS,false,false
Condescend,,word,A vocabulary term from the group: Mock / disrespect (−).,"In the ""Mock / disrespect (−)"" word cluster, condescend helps you spot synonyms on test day.",,,GRE|GMAT|IELTS,false,false
Condone,/kənˈdəʊn/,verb,Accept behavior that is wrong.,The team hoped the policy would condone the problem over time.,"overlook,excuse","condemn,censure",GRE,false,false
Conformity,,noun,"A person, thing, or quality related to: Agreement / harmony.","In the ""Agreement / harmony"" word cluster, conformity helps you spot synonyms on test day.",,,GRE|GMAT|IELTS,false,false
Confound,,word,Confused or bewildered.,"In the ""Confused / taken aback"" word cluster, confound helps you spot synonyms on test day.",,,GRE|GMAT|IELTS,false,false
Congenial,,adjective,At the final stage; concluding.,"In the ""Friendly"" word cluster, congenial helps you spot synonyms on test day.",,,GRE|GMAT|IELTS,false,false
Congenital,,adjective,Describing something related to: Inborn / firmly fixed.,"In the ""Inborn / firmly fixed"" word cluster, congenital helps you spot synonyms on test day.",,,GRE|GMAT|IELTS,false,false
Congruous,,adjective,Describing something related to: Agreement / harmony.,"She underlined congruous while reviewing the ""Agreement / harmony"" group in her notes.",,,GRE|GMAT|IELTS,false,false
Conjecture,,noun,"A person, thing, or quality related to: Guesswork / unproven theory.","In the ""Guesswork / unproven theory"" word cluster, conjecture helps you spot synonyms on test day.",,,GRE|GMAT|IELTS,false,false
Connive,,adjective,Describing something related to: Plot / trick (−).,"In the ""Plot / trick (−)"" word cluster, connive helps you spot synonyms on test day.",,,GRE|GMAT|IELTS,false,false
Connoisseur,/ˌkɒn.əˈsɜːr/,noun,An expert judge in matters of taste.,The passage defines connoisseur as an expert judge in matters of taste.,"expert,aficionado","novice,amateur",GRE,false,false
Conscience,,noun,"A person, thing, or quality related to: Immoral.","In the ""Immoral"" word cluster, conscience helps you spot synonyms on test day.",,opposite cluster,GRE|GMAT|IELTS,false,false
Conscientious,,adjective,Describing something related to: Thorough / precise.,"In the ""Thorough / precise"" word cluster, conscientious helps you spot synonyms on test day.",,,GRE|GMAT|IELTS,false,false
Consecrate,,verb,To act in a way related to the idea of: Disrespecting sacred things.,"She underlined consecrate while reviewing the ""Disrespecting sacred things"" group in her notes.",,opposite cluster,GRE|GMAT|IELTS,false,false
Consensus,,word,A vocabulary term from the group: Agreement / harmony.,"She underlined consensus while reviewing the ""Agreement / harmony"" group in her notes.",,,GRE|GMAT|IELTS,false,false
Conservative,,adjective,Describing something related to: Rebellious / unconventional.,"She underlined conservative while reviewing the ""Rebellious / unconventional"" group in her notes.",,opposite cluster,GRE|GMAT|IELTS,false,false
Consonance,,noun,"A person, thing, or quality related to: Agreement / harmony.","She underlined consonance while reviewing the ""Agreement / harmony"" group in her notes.",,,GRE|GMAT|IELTS,false,false
Conspicuous,/kənˈspɪk.ju.əs/,adjective,Standing out so as to be noticed.,"In context, the word conspicuous means standing out so as to be noticed.","noticeable,prominent","hidden,inconspicuous",GRE|GMAT,false,false
Conspire,,word,A vocabulary term from the group: Plot / trick (−).,"She underlined conspire while reviewing the ""Plot / trick (−)"" group in her notes.",,,GRE|GMAT|IELTS,false,false
Constraint,,word,A vocabulary term from the group: Restrain / x set free.,"She underlined constraint while reviewing the ""Restrain / x set free"" group in her notes.",,,GRE|GMAT|IELTS,false,false
Constrict,,word,Reduced in intensity or amount.,Cooler weather helped constrict the swelling in his ankle.,,,GRE|GMAT|IELTS,false,false
Construe,,word,A vocabulary term from the group: To infer.,"She underlined construe while reviewing the ""To infer"" group in her notes.",,,GRE|GMAT|IELTS,false,false
Consummate,,verb,To act in a way related to the idea of: Skillful.,"In the ""Skillful"" word cluster, consummate helps you spot synonyms on test day.",,,GRE|GMAT|IELTS,false,false
Contaminate,,verb,To act in a way related to the idea of: Impure / poisonous.,"She underlined contaminate while reviewing the ""Impure / poisonous"" group in her notes.",,,GRE|GMAT|IELTS,false,false
Contemplate,,verb,To act in a way related to the idea of: To think deeply.,"In the ""To think deeply"" word cluster, contemplate helps you spot synonyms on test day.",,,GRE|GMAT|IELTS,false,false
Contemporary,,adjective,Describing something related to: Co-existing.,Critics accused the firm of contemporary behavior during the shortage.,,,GRE|GMAT|IELTS,false,false
Contempt,,word,A vocabulary term from the group: Mock / disrespect (−).,"In the ""Mock / disrespect (−)"" word cluster, contempt helps you spot synonyms on test day.",,,GRE|GMAT|IELTS,false,false
Contend,,word,A vocabulary term from the group: Argue / fight.,"She underlined contend while reviewing the ""Argue / fight"" group in her notes.",,,GRE|GMAT|IELTS,false,false
Contentious,,adjective,Describing something related to: Aggressive / argumentative.,"She underlined contentious while reviewing the ""Aggressive / argumentative"" group in her notes.",,,GRE|GMAT|IELTS,false,false
Contingent,,adjective,Describing something related to: Sure / certain / x conditional.,"She underlined contingent while reviewing the ""Sure / certain / x conditional"" group in her notes.",,opposite cluster,GRE|GMAT|IELTS,false,false
Contract,,word,Reduced in intensity or amount.,Cooler weather helped contract the swelling in his ankle.,,,GRE|GMAT|IELTS,false,false
Contrite,,word,A vocabulary term from the group: Feeling guilty.,"In the ""Feeling guilty"" word cluster, contrite helps you spot synonyms on test day.",,,GRE|GMAT|IELTS,false,false
Contrived,,word,A vocabulary term from the group: Artificial / pretense.,"In the ""Artificial / pretense"" word cluster, contrived helps you spot synonyms on test day.",,,GRE|GMAT|IELTS,false,false
Conundrum,,word,A vocabulary term from the group: Puzzling.,"She underlined conundrum while reviewing the ""Puzzling"" group in her notes.",,,GRE|GMAT|IELTS,false,false
Conventional,,adjective,Describing something related to: Rebellious / unconventional.,"In the ""Rebellious / unconventional"" word cluster, conventional helps you spot synonyms on test day.",,opposite cluster,GRE|GMAT|IELTS,false,false
Convict,,word,A vocabulary term from the group: Punish.,"In the ""Punish"" word cluster, convict helps you spot synonyms on test day.",,,GRE|GMAT|IELTS,false,false
Conviction,,noun,"A person, thing, or quality related to: Sure / certain / x conditional.","In the ""Sure / certain / x conditional"" word cluster, conviction helps you spot synonyms on test day.",,,GRE|GMAT|IELTS,false,false
Convivial,,adjective,At the final stage; concluding.,"She underlined convivial while reviewing the ""Friendly"" group in her notes.",,,GRE|GMAT|IELTS,false,false
Convoluted,,word,A vocabulary term from the group: Having twists / turns / complex.,Reviewers convoluted the author for turning complex ideas into clear prose.,,,GRE|GMAT|IELTS,false,false
Copious,/ˈkəʊ.pi.əs/,adjective,Abundant in supply or quantity.,The situation seemed copious to anyone who read the full report.,"abundant,plentiful","sparse,scant",GRE,false,false
Cordial,,adjective,At the final stage; concluding.,"In the ""Friendly"" word cluster, cordial helps you spot synonyms on test day.",,,GRE|GMAT|IELTS,false,false
Core,,word,A sign or warning of future events.,The core clouds suggested a storm was approaching fast.,,,GRE|GMAT|IELTS,false,false
Corporeal,,adjective,Describing something related to: Bodily.,"She underlined corporeal while reviewing the ""Bodily"" group in her notes.",,,GRE|GMAT|IELTS,false,false
Corroborate,,verb,To act in a way related to the idea of: Confirm / approve.,"In the ""Confirm / approve"" word cluster, corroborate helps you spot synonyms on test day.",,,GRE|GMAT|IELTS,false,false
Cosmopolitian,,word,A vocabulary term from the group: Easily fooled / innocent.,Only a cosmopolitian reader would miss the irony in that paragraph.,,opposite cluster,GRE|GMAT|IELTS,false,false
Counterbalance,,noun,"A person, thing, or quality related to: Correct / repair.","In the ""Correct / repair"" word cluster, counterbalance helps you spot synonyms on test day.",,,GRE|GMAT|IELTS,false,false
Counterfeit,,word,Intended to mislead or deceive.,"In the ""Fake / deceptive"" word cluster, counterfeit helps you spot synonyms on test day.",,,GRE|GMAT|IELTS,false,false
Coup,,word,A vocabulary term from the group: Disaster.,"She underlined coup while reviewing the ""Disaster"" group in her notes.",,opposite cluster,GRE|GMAT|IELTS,false,false
Court,,word,A vocabulary term from the group: Persuade.,"She underlined court while reviewing the ""Persuade"" group in her notes.",,,GRE|GMAT|IELTS,false,false
Covert,,word,A vocabulary term from the group: Secret (−).,"She underlined covert while reviewing the ""Secret (−)"" group in her notes.",,,GRE|GMAT|IELTS,false,false
Covetous,,adjective,Describing something related to: Greed.,The tale warns against covetous when success finally arrives.,,,GRE|GMAT|IELTS,false,false
Cow,,word,"Marked by fear, dread, or intimidation.","The steep mountain path looked cow, but the guide reassured the group.",,,GRE|GMAT|IELTS,false,false
Cower,,word,"Marked by fear, dread, or intimidation.",Even experienced climbers found the final ascent cower in stormy weather.,,,GRE|GMAT|IELTS,false,false
Crafty,,noun,"A person, thing, or quality related to: Cheat / deceive.","She underlined crafty while reviewing the ""Cheat / deceive"" group in her notes.",,,GRE|GMAT|IELTS,false,false
Credence,,noun,"A person, thing, or quality related to: Could be true.","She underlined credence while reviewing the ""Could be true"" group in her notes.",,,GRE|GMAT|IELTS,false,false
Credible,,adjective,Describing something related to: Could be true.,"In the ""Could be true"" word cluster, credible helps you spot synonyms on test day.",,,GRE|GMAT|IELTS,false,false
Credulous,/ˈkredʒ.ə.ləs/,adjective,Too ready to believe.,The situation seemed credulous to anyone who read the full report.,"gullible,naive","skeptical,discerning",GRE,false,false
Crestfallen,,verb,"Marked by sadness, sorrow, or grief.",The poem captured a crestfallen mood without becoming sentimental.,,,GRE|GMAT|IELTS,false,false
Critical,,adjective,Describing something related to: Urgent / demanding.,"She underlined critical while reviewing the ""Urgent / demanding"" group in her notes.",,,GRE|GMAT|IELTS,false,false
Crux,,word,A vocabulary term from the group: Summary.,"In the ""Summary"" word cluster, crux helps you spot synonyms on test day.",,,GRE|GMAT|IELTS,false,false
Cryptic,,adjective,Describing something related to: Puzzling.,"In the ""Puzzling"" word cluster, cryptic helps you spot synonyms on test day.",,,GRE|GMAT|IELTS,false,false
Culminate,,verb,Bring to an end; stop or conclude.,"In the ""End / stop"" word cluster, culminate helps you spot synonyms on test day.",,,GRE|GMAT|IELTS,false,false
Culpable,,adjective,Expressing criticism or strong disapproval.,Editorials began to culpable the mayor for ignoring early warnings.,,,GRE|GMAT|IELTS,false,false
Cumbersome,,adjective,Describing something related to: Difficult.,"In the ""Difficult"" word cluster, cumbersome helps you spot synonyms on test day.",,,GRE|GMAT|IELTS,false,false
Cursory,/ˈkɜː.sər.i/,adjective,Hasty and not thorough.,The situation seemed cursory to anyone who read the full report.,"superficial,perfunctory","thorough,detailed",GRE|GMAT,false,false
Curtail,,word,Reduced in intensity or amount.,The medicine did little to curtail her anxiety before the exam.,,,GRE|GMAT|IELTS,false,false
Cynical,/ˈsɪn.ɪ.kəl/,adjective,Believing people are motivated by self-interest.,"Critics called the proposal cynical, noting that it was believing people are motivated by self-interest.","skeptical,distrustful","trusting,idealistic",GRE|GMAT,false,false
Dampen,,verb,To act in a way related to the idea of: Enthusiastic / excited.,"She underlined dampen while reviewing the ""Enthusiastic / excited"" group in her notes.",,opposite cluster,GRE|GMAT|IELTS,false,false
Dated,,word,Belonging to an earlier time; old or outdated.,"In the ""Old fashioned / outdated"" word cluster, dated helps you spot synonyms on test day.",,,GRE|GMAT|IELTS,false,false
Daunt,,word,"Marked by fear, dread, or intimidation.","Facing a room full of judges felt daunt at first, though she settled in quickly.",,,GRE|GMAT|IELTS,false,false
Daunting,,word,"Marked by fear, dread, or intimidation.","Facing a room full of judges felt daunting at first, though she settled in quickly.",,,GRE|GMAT|IELTS,false,false
Dauntless,,adjective,Showing courage or bravery in the face of difficulty.,"She underlined dauntless while reviewing the ""Brave"" group in her notes.",,,GRE|GMAT|IELTS,false,false
Dearth,,word,A vocabulary term from the group: Shortage / lacking.,"In the ""Shortage / lacking"" word cluster, dearth helps you spot synonyms on test day.",,,GRE|GMAT|IELTS,false,false
Debacle,,word,A vocabulary term from the group: Disaster.,"In the ""Disaster"" word cluster, debacle helps you spot synonyms on test day.",,,GRE|GMAT|IELTS,false,false
Debilitate,/dɪˈbɪl.ɪ.teɪt/,verb,Make weak or infirm.,"In the passage, the author uses debilitate to mean make weak or infirm.","weaken,enfeeble","strengthen,invigorate",GRE,false,false
Debunk,,word,A vocabulary term from the group: To prove false / to disprove.,"She underlined debunk while reviewing the ""To prove false / to disprove"" group in her notes.",,,GRE|GMAT|IELTS,false,false
Decadent,,adjective,Describing something related to: Immoral.,"In the ""Immoral"" word cluster, decadent helps you spot synonyms on test day.",,,GRE|GMAT|IELTS,false,false
Decimate,,verb,To act in a way related to the idea of: Remove / destroy.,"In the ""Remove / destroy"" word cluster, decimate helps you spot synonyms on test day.",,,GRE|GMAT|IELTS,false,false
Decry,,adjective,Expressing criticism or strong disapproval.,"Teachers rarely decry students in public, preferring private feedback.",,,GRE|GMAT|IELTS,false,false
Deduce,,verb,To act in a way related to the idea of: To infer.,"In the ""To infer"" word cluster, deduce helps you spot synonyms on test day.",,,GRE|GMAT|IELTS,false,false
Defame,,word,A vocabulary term from the group: Accuse / defame.,"In the ""Accuse / defame"" word cluster, defame helps you spot synonyms on test day.",,,GRE|GMAT|IELTS,false,false
Defer,,verb,To act in a way related to the idea of: Delay / postpone.,"In the ""Delay / postpone"" word cluster, defer helps you spot synonyms on test day.",,,GRE|GMAT|IELTS,false,false
Deference,/ˈdef.ər.əns/,noun,Humble submission and respect.,The essay turned on the deference introduced in the opening paragraph.,"respect,reverence","disrespect,contempt",GRE,false,false
Defiant,,adjective,Unwilling to change one's mind or course of action.,"She underlined defiant while reviewing the ""Stubborn (−)"" group in her notes.",,,GRE|GMAT|IELTS,false,false
Deficit,,word,A vocabulary term from the group: Shortage / lacking.,"In the ""Shortage / lacking"" word cluster, deficit helps you spot synonyms on test day.",,,GRE|GMAT|IELTS,false,false
Deflect,,word,A vocabulary term from the group: Avoid / dodge.,"She underlined deflect while reviewing the ""Avoid / dodge"" group in her notes.",,,GRE|GMAT|IELTS,false,false
Deft,,word,A vocabulary term from the group: Skillful.,"She underlined deft while reviewing the ""Skillful"" group in her notes.",,,GRE|GMAT|IELTS,false,false
Defy,,adjective,Describing something related to: To object / resist.,"In the ""To object / resist"" word cluster, defy helps you spot synonyms on test day.",,,GRE|GMAT|IELTS,false,false
Degenerate,,verb,"Lacking strength, power, or effectiveness.","In the ""To lose strength / to weaken"" word cluster, degenerate helps you spot synonyms on test day.",,,GRE|GMAT|IELTS,false,false
Degradation,,noun,"Lacking strength, power, or effectiveness.","In the ""To lose strength / to weaken"" word cluster, degradation helps you spot synonyms on test day.",,,GRE|GMAT|IELTS,false,false
Dejected,,word,"Marked by sadness, sorrow, or grief.",Rain against the window added to the dejected atmosphere of the scene.,,,GRE|GMAT|IELTS,false,false
Delegate,,verb,To act in a way related to the idea of: To give control / responsibility.,"She underlined delegate while reviewing the ""To give control / responsibility"" group in her notes.",,,GRE|GMAT|IELTS,false,false
Deleterious,,adjective,Describing something related to: Harmful / curse.,"She underlined deleterious while reviewing the ""Harmful / curse"" group in her notes.",,,GRE|GMAT|IELTS,false,false
Deliberate,,verb,To act in a way related to the idea of: Planned / x spontaneous.,"She underlined deliberate while reviewing the ""Planned / x spontaneous"" group in her notes.",,,GRE|GMAT|IELTS,false,false
Delimit,,verb,To act in a way related to the idea of: To define / describe.,"In the ""To define / describe"" word cluster, delimit helps you spot synonyms on test day.",,,GRE|GMAT|IELTS,false,false
Delineate,/dɪˈlɪn.i.eɪt/,verb,Describe precisely.,The team hoped the policy would delineate the problem over time.,"outline,sketch","confuse,obscure",GRE,false,false
Demanding,,word,A vocabulary term from the group: Thorough / precise.,"She underlined demanding while reviewing the ""Thorough / precise"" group in her notes.",,,GRE|GMAT|IELTS,false,false
Demote,,word,A vocabulary term from the group: Placing in inferior rank.,"In the ""Placing in inferior rank"" word cluster, demote helps you spot synonyms on test day.",,,GRE|GMAT|IELTS,false,false
Demur,/dɪˈmɜːr/,verb,Raise doubts or objections.,Leaders met to decide how best to demur the dispute.,"object,protest","accept,agree",GRE,false,false
Demure,,noun,"A person, thing, or quality related to: Improper / inapropriate behaviour.","In the ""Improper / inapropriate behaviour"" word cluster, demure helps you spot synonyms on test day.",,opposite cluster,GRE|GMAT|IELTS,false,false
Denigrate,/ˈden.ɪ.ɡreɪt/,verb,Criticize unfairly.,Editorials denigrate the agency for failing to act sooner.,"disparage,belittle","praise,extol",GRE,false,false
Denounce,,word,Expressing criticism or strong disapproval.,Editorials began to denounce the mayor for ignoring early warnings.,,,GRE|GMAT|IELTS,false,false
Denunciation,,noun,Expressing criticism or strong disapproval.,Editorials began to denunciation the mayor for ignoring early warnings.,,,GRE|GMAT|IELTS,false,false
Depict,,word,A vocabulary term from the group: To define / describe.,"She underlined depict while reviewing the ""To define / describe"" group in her notes.",,,GRE|GMAT|IELTS,false,false
Deplatform,,word,A vocabulary term from the group: Ban.,"In the ""Ban"" word cluster, deplatform helps you spot synonyms on test day.",,,GRE|GMAT|IELTS,false,false
Depravity,,noun,"A person, thing, or quality related to: Immoral.","In the ""Immoral"" word cluster, depravity helps you spot synonyms on test day.",,,GRE|GMAT|IELTS,false,false
Deprecatory,,adjective,Describing something related to: Insulting words.,"In the ""Insulting words"" word cluster, deprecatory helps you spot synonyms on test day.",,,GRE|GMAT|IELTS,false,false
Deprived,,word,A vocabulary term from the group: Shortage / lacking.,"She underlined deprived while reviewing the ""Shortage / lacking"" group in her notes.",,,GRE|GMAT|IELTS,false,false
Deride,/dɪˈraɪd/,verb,Express contempt for.,"In the passage, the author uses deride to mean express contempt for.","mock,ridicule","praise,admire",GRE,false,false
Derivative,,adjective,Describing something related to: Ordinary / unoriginal (−).,"She underlined derivative while reviewing the ""Ordinary / unoriginal (−)"" group in her notes.",,,GRE|GMAT|IELTS,false,false
Derogatory,,adjective,Describing something related to: Insulting words.,"In the ""Insulting words"" word cluster, derogatory helps you spot synonyms on test day.",,,GRE|GMAT|IELTS,false,false
Desecrate,,verb,To act in a way related to the idea of: Disrespecting sacred things.,"In the ""Disrespecting sacred things"" word cluster, desecrate helps you spot synonyms on test day.",,,GRE|GMAT|IELTS,false,false
Desolate,,verb,"Marked by sadness, sorrow, or grief.",The poem captured a desolate mood without becoming sentimental.,,,GRE|GMAT|IELTS,false,false
Despair,,word,"Marked by sadness, sorrow, or grief.",Rain against the window added to the despair atmosphere of the scene.,,,GRE|GMAT|IELTS,false,false
Despicable,,adjective,Describing something related to: Hate.,"In the ""Hate"" word cluster, despicable helps you spot synonyms on test day.",,,GRE|GMAT|IELTS,false,false
Despondent,,adjective,"Marked by sadness, sorrow, or grief.",He spoke in a despondent tone about friends he had lost.,,,GRE|GMAT|IELTS,false,false
Despot,,word,A vocabulary term from the group: Dominating (−).,"She underlined despot while reviewing the ""Dominating (−)"" group in her notes.",,,GRE|GMAT|IELTS,false,false
Detached,,word,A vocabulary term from the group: Unbiased / impartial.,"In the ""Unbiased / impartial"" word cluster, detached helps you spot synonyms on test day.",,,GRE|GMAT|IELTS,false,false
Detachment,,noun,"A person, thing, or quality related to: Unbiased / impartial.","She underlined detachment while reviewing the ""Unbiased / impartial"" group in her notes.",,,GRE|GMAT|IELTS,false,false
Deter,,word,A vocabulary term from the group: Restrict / stop / prevent.,"In the ""Restrict / stop / prevent"" word cluster, deter helps you spot synonyms on test day.",,,GRE|GMAT|IELTS,false,false
Deteriorate,,verb,"Lacking strength, power, or effectiveness.","In the ""To lose strength / to weaken"" word cluster, deteriorate helps you spot synonyms on test day.",,,GRE|GMAT|IELTS,false,false
Detest,,word,A vocabulary term from the group: Hate.,"She underlined detest while reviewing the ""Hate"" group in her notes.",,,GRE|GMAT|IELTS,false,false
Detractor,,noun,"A person, thing, or quality related to: Supporter / x enemy.","In the ""Supporter / x enemy"" word cluster, detractor helps you spot synonyms on test day.",,opposite cluster,GRE|GMAT|IELTS,false,false
Detrimental,,adjective,Describing something related to: Harmful / curse.,"She underlined detrimental while reviewing the ""Harmful / curse"" group in her notes.",,,GRE|GMAT|IELTS,false,false
Devestate,,verb,To act in a way related to the idea of: Remove / destroy.,"She underlined devestate while reviewing the ""Remove / destroy"" group in her notes.",,,GRE|GMAT|IELTS,false,false
Deviate,,verb,To act in a way related to the idea of: Unusual / exception.,"In the ""Unusual / exception"" word cluster, deviate helps you spot synonyms on test day.",,,GRE|GMAT|IELTS,false,false
Devious,,adjective,Intended to mislead or deceive.,"She underlined devious while reviewing the ""Fake / deceptive"" group in her notes.",,,GRE|GMAT|IELTS,false,false
Devise,,verb,To act in a way related to the idea of: To make up / create.,"In the ""To make up / create"" word cluster, devise helps you spot synonyms on test day.",,,GRE|GMAT|IELTS,false,false
Devoid,,word,A vocabulary term from the group: Shortage / lacking.,"She underlined devoid while reviewing the ""Shortage / lacking"" group in her notes.",,,GRE|GMAT|IELTS,false,false
Devolve,,word,A vocabulary term from the group: To give control / responsibility.,"She underlined devolve while reviewing the ""To give control / responsibility"" group in her notes.",,,GRE|GMAT|IELTS,false,false
Dexterous,,adjective,Describing something related to: Skillful.,"She underlined dexterous while reviewing the ""Skillful"" group in her notes.",,,GRE|GMAT|IELTS,false,false
Dichotomy,/daɪˈkɒt.ə.mi/,noun,A division into two opposed parts.,Understanding the dichotomy helps you grasp the author's argument.,"division,split","unity,whole",GRE|GMAT,false,false
Dictate,,verb,To act in a way related to the idea of: Dominating (−).,"In the ""Dominating (−)"" word cluster, dictate helps you spot synonyms on test day.",,,GRE|GMAT|IELTS,false,false
Didactic,,adjective,Describing something related to: Instructive (−).,"She underlined didactic while reviewing the ""Instructive (−)"" group in her notes.",,,GRE|GMAT|IELTS,false,false
Diffidence,,noun,"A person, thing, or quality related to: Shy / introvert.","She underlined diffidence while reviewing the ""Shy / introvert"" group in her notes.",,,GRE|GMAT|IELTS,false,false
Diffuse,,word,A vocabulary term from the group: Spread.,"In the ""Spread"" word cluster, diffuse helps you spot synonyms on test day.",,,GRE|GMAT|IELTS,false,false
Digress,,word,A vocabulary term from the group: Go off-track.,"She underlined digress while reviewing the ""Go off-track"" group in her notes.",,,GRE|GMAT|IELTS,false,false
Dilate,,verb,"Become greater in size, amount, or intensity.",Scholars watched the debate dilate into new areas of policy.,,,GRE|GMAT|IELTS,false,false
Dilatory,/ˈdɪl.ə.tər.i/,adjective,Slow to act.,The situation seemed dilatory to anyone who read the full report.,"slow,tardy","prompt,punctual",GRE,false,false
Dilemma,,word,Confused or bewildered.,"She underlined dilemma while reviewing the ""Difficulty / confusing situation"" group in her notes.",,,GRE|GMAT|IELTS,false,false
Diligent,,adjective,Describing something related to: Hard working (+).,"In the ""Hard working (+)"" word cluster, diligent helps you spot synonyms on test day.",,,GRE|GMAT|IELTS,false,false
Disavow,,word,A vocabulary term from the group: Cancel / take back.,"She underlined disavow while reviewing the ""Cancel / take back"" group in her notes.",,,GRE|GMAT|IELTS,false,false
Discern,,word,A vocabulary term from the group: To see.,"In the ""To see"" word cluster, discern helps you spot synonyms on test day.",,,GRE|GMAT|IELTS,false,false
Discerning,/dɪˈsɜː.nɪŋ/,adjective,Having good judgment.,"In context, the word discerning means having good judgment.","perceptive,astute","undiscerning,obtuse",GRE,false,false
Discomfit,,word,Feeling embarrassed or self-conscious.,"In the ""Embarrass"" word cluster, discomfit helps you spot synonyms on test day.",,,GRE|GMAT|IELTS,false,false
Disconcert,,word,A vocabulary term from the group: Disturbed / agitated.,"In the ""Disturbed / agitated"" word cluster, disconcert helps you spot synonyms on test day.",,,GRE|GMAT|IELTS,false,false
Discontinue,,word,At the final stage; concluding.,"She underlined discontinue while reviewing the ""End / stop"" group in her notes.",,,GRE|GMAT|IELTS,false,false
Discontinuity,,noun,At the final stage; concluding.,"In the ""End / stop"" word cluster, discontinuity helps you spot synonyms on test day.",,,GRE|GMAT|IELTS,false,false
Discord,,word,A vocabulary term from the group: Agreement / harmony.,"In the ""Agreement / harmony"" word cluster, discord helps you spot synonyms on test day.",,opposite cluster,GRE|GMAT|IELTS,false,false
Discordant,,adjective,Describing something related to: Overly noisy (−).,"She underlined discordant while reviewing the ""Overly noisy (−)"" group in her notes.",,,GRE|GMAT|IELTS,false,false
Discount,,word,A vocabulary term from the group: Disregard.,"She underlined discount while reviewing the ""Disregard"" group in her notes.",,,GRE|GMAT|IELTS,false,false
Discredit,,word,A vocabulary term from the group: To prove false / to disprove.,"She underlined discredit while reviewing the ""To prove false / to disprove"" group in her notes.",,,GRE|GMAT|IELTS,false,false
Discreet,,word,A vocabulary term from the group: Secret (−).,"She underlined discreet while reviewing the ""Secret (−)"" group in her notes.",,,GRE|GMAT|IELTS,false,false
Discrepancy,,noun,"A person, thing, or quality related to: Agreement / harmony.","She underlined discrepancy while reviewing the ""Agreement / harmony"" group in her notes.",,opposite cluster,GRE|GMAT|IELTS,false,false
Discriminating,,word,A vocabulary term from the group: Intelligent / wise.,The mentor offered discriminating advice that changed her study habits.,,,GRE|GMAT|IELTS,false,false
Discriminatory,,adjective,Describing something related to: Biased / partial.,"She underlined discriminatory while reviewing the ""Biased / partial"" group in her notes.",,,GRE|GMAT|IELTS,false,false
Discursive,,adjective,Describing something related to: Go off-track.,"She underlined discursive while reviewing the ""Go off-track"" group in her notes.",,,GRE|GMAT|IELTS,false,false
Disdain,,word,A vocabulary term from the group: Mock / disrespect (−).,"In the ""Mock / disrespect (−)"" word cluster, disdain helps you spot synonyms on test day.",,,GRE|GMAT|IELTS,false,false
Disgruntle,,word,"Full of anger, rage, or irritation.",Her disgruntle reply showed she would not accept the excuse.,,,GRE|GMAT|IELTS,false,false
Disinterested,,word,A vocabulary term from the group: Unbiased / impartial.,"She underlined disinterested while reviewing the ""Unbiased / impartial"" group in her notes.",,,GRE|GMAT|IELTS,false,false
Disjointed,,word,A vocabulary term from the group: Separate / x connected.,"She underlined disjointed while reviewing the ""Separate / x connected"" group in her notes.",,,GRE|GMAT|IELTS,false,false
Dismay,,adjective,Describing something related to: Disturbed / agitated.,"She underlined dismay while reviewing the ""Disturbed / agitated"" group in her notes.",,,GRE|GMAT|IELTS,false,false
Disparage,,noun,"A person, thing, or quality related to: Mock / disrespect (−).","In the ""Mock / disrespect (−)"" word cluster, disparage helps you spot synonyms on test day.",,,GRE|GMAT|IELTS,false,false
Disparate,/ˈdɪs.pər.ət/,adjective,Essentially different in kind.,The twins chose disparate career paths despite growing up in the same town.,"dissimilar,divergent","similar,alike",GRE|GMAT,false,false
Dispassionate,,verb,To act in a way related to the idea of: Unbiased / impartial.,"She underlined dispassionate while reviewing the ""Unbiased / impartial"" group in her notes.",,,GRE|GMAT|IELTS,false,false
Disposed,,word,A vocabulary term from the group: Inclination.,"She underlined disposed while reviewing the ""Inclination"" group in her notes.",,,GRE|GMAT|IELTS,false,false
Disputatious,,adjective,Describing something related to: Aggressive / argumentative.,"In the ""Aggressive / argumentative"" word cluster, disputatious helps you spot synonyms on test day.",,,GRE|GMAT|IELTS,false,false
Disquiet,,word,A vocabulary term from the group: Disturbed / agitated.,"In the ""Disturbed / agitated"" word cluster, disquiet helps you spot synonyms on test day.",,,GRE|GMAT|IELTS,false,false
Dissemble,/dɪˈsem.bəl/,verb,Conceal one's true motives.,He tried to dissemble his nervousness before the interview panel.,"pretend,feign","reveal,expose",GRE,false,false
Disseminate,/dɪˈsem.ɪ.neɪt/,verb,Spread widely.,Leaders met to decide how best to disseminate the dispute.,"distribute,circulate","withhold,suppress",GRE,false,false
Dissent,,adjective,Describing something related to: To object / resist.,"In the ""To object / resist"" word cluster, dissent helps you spot synonyms on test day.",,,GRE|GMAT|IELTS,false,false
Dissident,,adjective,Describing something related to: Rebellious / unconventional.,"She underlined dissident while reviewing the ""Rebellious / unconventional"" group in her notes.",,,GRE|GMAT|IELTS,false,false
Dissolute,,word,A vocabulary term from the group: Immoral.,"In the ""Immoral"" word cluster, dissolute helps you spot synonyms on test day.",,,GRE|GMAT|IELTS,false,false
Dissonance,,noun,"A person, thing, or quality related to: Agreement / harmony.","She underlined dissonance while reviewing the ""Agreement / harmony"" group in her notes.",,opposite cluster,GRE|GMAT|IELTS,false,false
Dissuade,,word,A vocabulary term from the group: Restrict / stop / prevent.,"In the ""Restrict / stop / prevent"" word cluster, dissuade helps you spot synonyms on test day.",,,GRE|GMAT|IELTS,false,false
Distinctive,,adjective,Describing something related to: Easily noticeable.,"In the ""Easily noticeable"" word cluster, distinctive helps you spot synonyms on test day.",,,GRE|GMAT|IELTS,false,false
Distinguishable,,adjective,Describing something related to: Easily noticeable.,"She underlined distinguishable while reviewing the ""Easily noticeable"" group in her notes.",,,GRE|GMAT|IELTS,false,false
Distraught,,word,A vocabulary term from the group: Disturbed / agitated.,"She underlined distraught while reviewing the ""Disturbed / agitated"" group in her notes.",,,GRE|GMAT|IELTS,false,false
Divergent,,adjective,Describing something related to: Go off-track.,"In the ""Go off-track"" word cluster, divergent helps you spot synonyms on test day.",,,GRE|GMAT|IELTS,false,false
Diversity,,noun,"A person, thing, or quality related to: Variety / varied.","She underlined diversity while reviewing the ""Variety / varied"" group in her notes.",,,GRE|GMAT|IELTS,false,false
Divulge,,word,A vocabulary term from the group: Reveal / x hide.,"In the ""Reveal / x hide"" word cluster, divulge helps you spot synonyms on test day.",,,GRE|GMAT|IELTS,false,false
Docile,,word,A vocabulary term from the group: Accept / agree / give in.,"In the ""Accept / agree / give in"" word cluster, docile helps you spot synonyms on test day.",,,GRE|GMAT|IELTS,false,false
Doctrinaire,,word,A vocabulary term from the group: Dominating (−).,"In the ""Dominating (−)"" word cluster, doctrinaire helps you spot synonyms on test day.",,,GRE|GMAT|IELTS,false,false
Doctrine,,adjective,Describing something related to: Rule / principle / law.,"In the ""Rule / principle / law"" word cluster, doctrine helps you spot synonyms on test day.",,,GRE|GMAT|IELTS,false,false
Dogmas,,word,A vocabulary term from the group: Rule / principle / law.,"She underlined dogmas while reviewing the ""Rule / principle / law"" group in her notes.",,,GRE|GMAT|IELTS,false,false
Dogmatic,/dɒɡˈmæt.ɪk/,adjective,Inclined to lay down principles as true.,The situation seemed dogmatic to anyone who read the full report.,"opinionated,doctrinaire","open-minded,flexible",GRE,false,false
Dormant,/ˈdɔː.mənt/,adjective,Having normal physical functions suspended.,"Critics called the proposal dormant, noting that it was having normal physical functions suspended.","inactive,latent","active,awake",GRE|GMAT,false,false
Drab,,word,A vocabulary term from the group: Boring / dull.,"She underlined drab while reviewing the ""Boring / dull"" group in her notes.",,,GRE|GMAT|IELTS,false,false
Dubious,,adjective,Describing something related to: Doubtful.,"She underlined dubious while reviewing the ""Doubtful"" group in her notes.",,,GRE|GMAT|IELTS,false,false
Dupe,,word,A vocabulary term from the group: Cheat / deceive.,"In the ""Cheat / deceive"" word cluster, dupe helps you spot synonyms on test day.",,,GRE|GMAT|IELTS,false,false
Duplicity,/djuːˈplɪs.ə.ti/,noun,Deceitfulness; double-dealing.,Understanding the duplicity helps you grasp the author's argument.,"deception,deceit","honesty,sincerity",GRE,false,false
Dwarf,,word,A vocabulary term from the group: Small.,"In the ""Small"" word cluster, dwarf helps you spot synonyms on test day.",,,GRE|GMAT|IELTS,false,false
Dwindle,,word,Reduced in intensity or amount.,Officials hoped the treaty would dwindle tensions along the border.,,,GRE|GMAT|IELTS,false,false
Dynamic,,adjective,Describing something related to: Enthusiastic / excited.,"She underlined dynamic while reviewing the ""Enthusiastic / excited"" group in her notes.",,,GRE|GMAT|IELTS,false,false
Ebb,,word,Reduced in intensity or amount.,Officials hoped the treaty would ebb tensions along the border.,,,GRE|GMAT|IELTS,false,false
Ebullient,/ɪˈbʌl.i.ənt/,adjective,Cheerful and full of energy.,"Critics called the proposal ebullient, noting that it was cheerful and full of energy.","exuberant,enthusiastic","gloomy,depressed",GRE,false,false
Eccentric,,adjective,Describing something related to: Strange.,"In the ""Strange"" word cluster, eccentric helps you spot synonyms on test day.",,,GRE|GMAT|IELTS,false,false
Eclectic,/ɪˈklek.tɪk/,adjective,Deriving ideas from a broad range.,"Critics called the proposal eclectic, noting that it was deriving ideas from a broad range.","diverse,varied","narrow,uniform",GRE,false,false
Ecstasy,,adjective,"Full of happiness, joy, or delight.",The ecstasy mood in the hall lifted after the good news.,,,GRE|GMAT|IELTS,false,false
Efface,,word,A vocabulary term from the group: Remove / destroy.,"In the ""Remove / destroy"" word cluster, efface helps you spot synonyms on test day.",,,GRE|GMAT|IELTS,false,false
Effervescent,,adjective,Describing something related to: Enthusiastic / excited.,"In the ""Enthusiastic / excited"" word cluster, effervescent helps you spot synonyms on test day.",,,GRE|GMAT|IELTS,false,false
Efficacy,/ˈef.ɪ.kə.si/,noun,The ability to produce a result.,Understanding the efficacy helps you grasp the author's argument.,"effectiveness,potency","ineffectiveness,weakness",GRE|GMAT,false,false
Effulgent,,adjective,Describing something related to: Shining.,"In the ""Shining"" word cluster, effulgent helps you spot synonyms on test day.",,,GRE|GMAT|IELTS,false,false
Egalitarian,/ɪˌɡæl.ɪˈteə.ri.ən/,adjective,Believing all people are equal.,The situation seemed egalitarian to anyone who read the full report.,"equalitarian,fair","elitist,hierarchical",GRE,false,false
Egotistical,,adjective,Describing something related to: Overly proud (−).,"In the ""Overly proud (−)"" word cluster, egotistical helps you spot synonyms on test day.",,,GRE|GMAT|IELTS,false,false
Egregious,,adjective,Describing something related to: Horrifying / shocking.,"In the ""Horrifying / shocking"" word cluster, egregious helps you spot synonyms on test day.",,,GRE|GMAT|IELTS,false,false
Elated,,word,"Full of happiness, joy, or delight.",She felt elated when the scholarship letter finally arrived.,,,GRE|GMAT|IELTS,false,false
Elitist,,word,A vocabulary term from the group: Overly proud (−).,"In the ""Overly proud (−)"" word cluster, elitist helps you spot synonyms on test day.",,,GRE|GMAT|IELTS,false,false
Eloquent,,adjective,Describing something related to: Fluent / clear.,"She underlined eloquent while reviewing the ""Fluent / clear"" group in her notes.",,,GRE|GMAT|IELTS,false,false
Elucidate,,verb,To act in a way related to the idea of: Clear · Physically & in meaning.,"In the ""Clear · Physically & in meaning"" word cluster, elucidate helps you spot synonyms on test day.",,,GRE|GMAT|IELTS,false,false
Elude,,word,A vocabulary term from the group: Avoid / dodge.,"She underlined elude while reviewing the ""Avoid / dodge"" group in her notes.",,,GRE|GMAT|IELTS,false,false
Elusive,,adjective,Describing something related to: Avoid / dodge.,"She underlined elusive while reviewing the ""Avoid / dodge"" group in her notes.",,,GRE|GMAT|IELTS,false,false
Emancipate,,verb,To act in a way related to the idea of: Restrain / x set free.,"She underlined emancipate while reviewing the ""Restrain / x set free"" group in her notes.",,opposite cluster,GRE|GMAT|IELTS,false,false
Embellish,/ɪmˈbel.ɪʃ/,verb,Make more attractive; exaggerate.,Leaders met to decide how best to embellish the dispute.,"adorn,decorate","strip,simplify",GRE,false,false
Embody,,adjective,Describing something related to: Best example.,"In the ""Best example"" word cluster, embody helps you spot synonyms on test day.",,,GRE|GMAT|IELTS,false,false
Eminent,,adjective,Describing something related to: Famous / superior.,"In the ""Famous / superior"" word cluster, eminent helps you spot synonyms on test day.",,,GRE|GMAT|IELTS,false,false
Empathy,,adjective,Describing something related to: Sympathy.,"In the ""Sympathy"" word cluster, empathy helps you spot synonyms on test day.",,,GRE|GMAT|IELTS,false,false
Emphatic,,adjective,Describing something related to: Sure / certain / x conditional.,"She underlined emphatic while reviewing the ""Sure / certain / x conditional"" group in her notes.",,,GRE|GMAT|IELTS,false,false
Empirical,/ɪmˈpɪr.ɪ.kəl/,adjective,Based on observation or experience.,"Critics called the proposal empirical, noting that it was based on observation or experience.","observed,experimental","theoretical,hypothetical",GRE|GMAT,false,false
Emulate,/ˈem.jə.leɪt/,verb,Match or surpass by imitation.,The team hoped the policy would emulate the problem over time.,"imitate,mimic","neglect,ignore",GRE,false,false
Enamored,,word,A vocabulary term from the group: Attract / fascinate.,"She underlined enamored while reviewing the ""Attract / fascinate"" group in her notes.",,,GRE|GMAT|IELTS,false,false
Encomiastic,,adjective,Expressing praise or admiration.,The coach took a moment to encomiastic the team for its hard work.,,,GRE|GMAT|IELTS,false,false
Encompass,,word,A vocabulary term from the group: Include everything.,"She underlined encompass while reviewing the ""Include everything"" group in her notes.",,,GRE|GMAT|IELTS,false,false
Encroach,,word,A vocabulary term from the group: Enter without permission.,"She underlined encroach while reviewing the ""Enter without permission"" group in her notes.",,,GRE|GMAT|IELTS,false,false
Endemic,,adjective,Describing something related to: Widespread · –.,"She underlined endemic while reviewing the ""Widespread · –"" group in her notes.",,opposite cluster,GRE|GMAT|IELTS,false,false
Endorse,,word,A vocabulary term from the group: Supporter / x enemy.,"In the ""Supporter / x enemy"" word cluster, endorse helps you spot synonyms on test day.",,,GRE|GMAT|IELTS,false,false
Endure,,noun,At the final stage; concluding.,"She underlined endure while reviewing the ""Resolute / determined (+)"" group in her notes.",,,GRE|GMAT|IELTS,false,false
Enervate,/ˈen.ə.veɪt/,verb,Cause to feel drained of energy.,The announcement threatened to enervate protests across the city.,"weaken,exhaust","invigorate,energize",GRE,false,false
Enfeeble,,word,"Lacking strength, power, or effectiveness.","In the ""To lose strength / to weaken"" word cluster, enfeeble helps you spot synonyms on test day.",,,GRE|GMAT|IELTS,false,false
Enfranchise,,verb,To act in a way related to the idea of: Right to vote.,"In the ""Right to vote"" word cluster, enfranchise helps you spot synonyms on test day.",,,GRE|GMAT|IELTS,false,false
Enhance,/ɪnˈhɑːns/,verb,Intensify or improve quality.,Poor communication only served to enhance the misunderstanding.,"improve,boost","diminish,reduce",GRE|IELTS,false,false
Enigma,/ɪˈnɪɡ.mə/,noun,A person or thing that is mysterious.,The enigma in the story refused to follow the crowd without question.,"puzzle,riddle","explanation,certainty",GRE,false,false
Enlightened,,word,A vocabulary term from the group: Detailed knowledge / intellectual.,"She underlined enlightened while reviewing the ""Detailed knowledge / intellectual"" group in her notes.",,,GRE|GMAT|IELTS,false,false
Enlightenment,,noun,"A person, thing, or quality related to: Detailed knowledge / intellectual.","In the ""Detailed knowledge / intellectual"" word cluster, enlightenment helps you spot synonyms on test day.",,,GRE|GMAT|IELTS,false,false
Ennui,,word,A vocabulary term from the group: Attract / fascinate.,"She underlined ennui while reviewing the ""Attract / fascinate"" group in her notes.",,opposite cluster,GRE|GMAT|IELTS,false,false
Enrage,,noun,"Full of anger, rage, or irritation.",The unfair ruling left the crowd enrage and restless.,,,GRE|GMAT|IELTS,false,false
Ensue,,word,A vocabulary term from the group: After effects.,"In the ""After effects"" word cluster, ensue helps you spot synonyms on test day.",,,GRE|GMAT|IELTS,false,false
Enthrall,,word,A vocabulary term from the group: Attract / fascinate.,"In the ""Attract / fascinate"" word cluster, enthrall helps you spot synonyms on test day.",,,GRE|GMAT|IELTS,false,false
Entice,,word,A vocabulary term from the group: Tempt (−).,"In the ""Tempt (−)"" word cluster, entice helps you spot synonyms on test day.",,,GRE|GMAT|IELTS,false,false
Entreaty,,noun,"A person, thing, or quality related to: Plead.","In the ""Plead"" word cluster, entreaty helps you spot synonyms on test day.",,,GRE|GMAT|IELTS,false,false
Entrenched,,word,A vocabulary term from the group: Inborn / firmly fixed.,"In the ""Inborn / firmly fixed"" word cluster, entrenched helps you spot synonyms on test day.",,,GRE|GMAT|IELTS,false,false
Enunciate,,verb,To act in a way related to the idea of: Fluent / clear.,"In the ""Fluent / clear"" word cluster, enunciate helps you spot synonyms on test day.",,,GRE|GMAT|IELTS,false,false
Ephemeral,/ɪˈfem.ər.əl/,adjective,Lasting for a very short time.,"Their relief was ephemeral, disappearing as soon as the next deadline appeared.","transient,fleeting","permanent,eternal",GRE|GMAT,false,false
Epidemic,,adjective,Describing something related to: Widespread · –.,"In the ""Widespread · –"" word cluster, epidemic helps you spot synonyms on test day.",,,GRE|GMAT|IELTS,false,false
Epithet,,word,Expressing criticism or strong disapproval.,Editorials began to epithet the mayor for ignoring early warnings.,,,GRE|GMAT|IELTS,false,false
Epitome,/ɪˈpɪt.ə.mi/,noun,A perfect example of a quality.,The essay turned on the epitome introduced in the opening paragraph.,"embodiment,archetype","opposite,antithesis",GRE|GMAT,false,false
Equanimity,/ˌek.wəˈnɪm.ə.ti/,noun,Mental calmness and composure.,The passage defines equanimity as mental calmness and composure.,"composure,poise","agitation,anxiety",GRE,false,false
Equitable,,adjective,Describing something related to: Unbiased / impartial.,"In the ""Unbiased / impartial"" word cluster, equitable helps you spot synonyms on test day.",,,GRE|GMAT|IELTS,false,false
Equivocal,/ɪˈkwɪv.ə.kəl/,adjective,Open to more than one interpretation.,"In context, the word equivocal means open to more than one interpretation.","ambiguous,vague","unequivocal,explicit",GRE|GMAT,false,false
Equivocation,,noun,"Honest, truthful, and straightforward.","Investors wanted a equivocation explanation, not polished marketing language.",,opposite cluster,GRE|GMAT|IELTS,false,false
Eradicate,,verb,To act in a way related to the idea of: Remove / destroy.,"In the ""Remove / destroy"" word cluster, eradicate helps you spot synonyms on test day.",,,GRE|GMAT|IELTS,false,false
Erode,,word,"Lacking strength, power, or effectiveness.","She underlined erode while reviewing the ""To lose strength / to weaken"" group in her notes.",,,GRE|GMAT|IELTS,false,false
Erratic,,adjective,Describing something related to: Fickle / fluctuating.,"In the ""Fickle / fluctuating"" word cluster, erratic helps you spot synonyms on test day.",,,GRE|GMAT|IELTS,false,false
Erroneous,,adjective,Intended to mislead or deceive.,"In the ""Fake / deceptive"" word cluster, erroneous helps you spot synonyms on test day.",,,GRE|GMAT|IELTS,false,false
Erstwhile,,word,A vocabulary term from the group: Co-existing.,Her erstwhile donation surprised a charity that expected far less.,,opposite cluster,GRE|GMAT|IELTS,false,false
Erudite,/ˈer.ʊ.daɪt/,adjective,Having great knowledge.,"In context, the word erudite means having great knowledge.","learned,scholarly","ignorant,uneducated",GRE,false,false
Esoteric,/ˌes.əˈter.ɪk/,adjective,Intended for a small group.,The situation seemed esoteric to anyone who read the full report.,"obscure,arcane","common,popular",GRE,false,false
Espouse,,word,A vocabulary term from the group: Supporter / x enemy.,"In the ""Supporter / x enemy"" word cluster, espouse helps you spot synonyms on test day.",,,GRE|GMAT|IELTS,false,false
Estrange,,word,A vocabulary term from the group: Make hostile.,"She underlined estrange while reviewing the ""Make hostile"" group in her notes.",,,GRE|GMAT|IELTS,false,false
Euphemism,/ˈjuː.fə.mɪ.zəm/,noun,A mild word substituting for a harsh one.,Her closing euphemism reminded the audience why the issue mattered.,"understatement,politeness","dysphemism,bluntness",GRE,false,false
Euphony,,adjective,Describing something related to: Pleasant sounding.,"In the ""Pleasant sounding"" word cluster, euphony helps you spot synonyms on test day.",,,GRE|GMAT|IELTS,false,false
Euphoria,,word,"Full of happiness, joy, or delight.",She felt euphoria when the scholarship letter finally arrived.,,,GRE|GMAT|IELTS,false,false
Evade,,word,A vocabulary term from the group: Avoid / dodge.,"She underlined evade while reviewing the ""Avoid / dodge"" group in her notes.",,,GRE|GMAT|IELTS,false,false
Evanescent,,adjective,Describing something related to: Short lived.,"In the ""Short lived"" word cluster, evanescent helps you spot synonyms on test day.",,,GRE|GMAT|IELTS,false,false
Evasive,,adjective,Describing something related to: Avoid / dodge.,"She underlined evasive while reviewing the ""Avoid / dodge"" group in her notes.",,,GRE|GMAT|IELTS,false,false
Evenhanded,,word,A vocabulary term from the group: Unbiased / impartial.,"In the ""Unbiased / impartial"" word cluster, evenhanded helps you spot synonyms on test day.",,,GRE|GMAT|IELTS,false,false
Evocative,,adjective,Describing something related to: Remembering the past.,"In the ""Remembering the past"" word cluster, evocative helps you spot synonyms on test day.",,,GRE|GMAT|IELTS,false,false
Exacerbate,/ɪɡˈzæs.ə.beɪt/,verb,Make a problem worse.,"In the passage, the author uses exacerbate to mean make a problem worse.","worsen,aggravate","alleviate,improve",GRE|GMAT,false,false
Exacting,,word,A vocabulary term from the group: Thorough / precise.,"She underlined exacting while reviewing the ""Thorough / precise"" group in her notes.",,,GRE|GMAT|IELTS,false,false
Exalt,,word,Expressing praise or admiration.,The coach took a moment to exalt the team for its hard work.,,,GRE|GMAT|IELTS,false,false
Exasperate,,verb,Make someone angry or irritated.,The unfair ruling left the crowd exasperate and restless.,,,GRE|GMAT|IELTS,false,false
Excise,,verb,To act in a way related to the idea of: Remove / destroy.,"She underlined excise while reviewing the ""Remove / destroy"" group in her notes.",,,GRE|GMAT|IELTS,false,false
Excoriate,,verb,Express strong disapproval or criticism.,Opponents excoriate the plan as costly and poorly timed.,,,GRE|GMAT|IELTS,false,false
Exemplify,,adjective,Describing something related to: Best example.,"She underlined exemplify while reviewing the ""Best example"" group in her notes.",,,GRE|GMAT|IELTS,false,false
Exhaustive,,adjective,Describing something related to: Include everything.,"In the ""Include everything"" word cluster, exhaustive helps you spot synonyms on test day.",,,GRE|GMAT|IELTS,false,false
Exhilaration,,noun,"Full of happiness, joy, or delight.",A exhilaration crowd gathered outside the theater on opening night.,,,GRE|GMAT|IELTS,false,false
Exhort,,word,A vocabulary term from the group: Persuade.,"In the ""Persuade"" word cluster, exhort helps you spot synonyms on test day.",,,GRE|GMAT|IELTS,false,false
Exigent,/ˈek.sɪ.dʒənt/,adjective,Requiring immediate action.,The situation seemed exigent to anyone who read the full report.,"urgent,pressing","unimportant,trivial",GRE,false,false
Exiguous,,adjective,Describing something related to: Very less (−).,Cooler weather helped exiguous the swelling in his ankle.,,,GRE|GMAT|IELTS,false,false
Exonerate,/ɪɡˈzɒn.ə.reɪt/,verb,Absolve from blame.,Leaders met to decide how best to exonerate the dispute.,"vindicate,acquit","convict,blame",GRE,false,false
Exorbitant,,adjective,Describing something related to: Very high price (−).,"In the ""Very high price (−)"" word cluster, exorbitant helps you spot synonyms on test day.",,,GRE|GMAT|IELTS,false,false
Exotic,,adjective,Describing something related to: Native / local.,"In the ""Native / local"" word cluster, exotic helps you spot synonyms on test day.",,opposite cluster,GRE|GMAT|IELTS,false,false
Expansive,,adjective,Describing something related to: Include everything.,"She underlined expansive while reviewing the ""Include everything"" group in her notes.",,,GRE|GMAT|IELTS,false,false
Expedite,,word,A vocabulary term from the group: Activate / speed up.,"In the ""Activate / speed up"" word cluster, expedite helps you spot synonyms on test day.",,,GRE|GMAT|IELTS,false,false
Expendable,,adjective,Describing something related to: Unimportant / trivial.,"In the ""Unimportant / trivial"" word cluster, expendable helps you spot synonyms on test day.",,,GRE|GMAT|IELTS,false,false
Experiential,,adjective,Describing something related to: Guesswork / unproven theory.,"In the ""Guesswork / unproven theory"" word cluster, experiential helps you spot synonyms on test day.",,opposite cluster,GRE|GMAT|IELTS,false,false
Expiate,,verb,To act in a way related to the idea of: Correct / repair.,"In the ""Correct / repair"" word cluster, expiate helps you spot synonyms on test day.",,,GRE|GMAT|IELTS,false,false
Explicit,,word,A vocabulary term from the group: Hint / indirect reference.,"In the ""Hint / indirect reference"" word cluster, explicit helps you spot synonyms on test day.",,opposite cluster,GRE|GMAT|IELTS,false,false
Expostulate,,verb,To act in a way related to the idea of: To prove false / to disprove.,"In the ""To prove false / to disprove"" word cluster, expostulate helps you spot synonyms on test day.",,,GRE|GMAT|IELTS,false,false
Expound,,word,A vocabulary term from the group: Clear · Physically & in meaning.,"She underlined expound while reviewing the ""Clear · Physically & in meaning"" group in her notes.",,,GRE|GMAT|IELTS,false,false
Expropriate,,verb,To act in a way related to the idea of: Take away forcibly.,"She underlined expropriate while reviewing the ""Take away forcibly"" group in her notes.",,,GRE|GMAT|IELTS,false,false
Expurgate,,verb,To act in a way related to the idea of: Get rid of / cleanse.,"She underlined expurgate while reviewing the ""Get rid of / cleanse"" group in her notes.",,,GRE|GMAT|IELTS,false,false
Extemporaneous,,adjective,Describing something related to: Planned / x spontaneous.,"She underlined extemporaneous while reviewing the ""Planned / x spontaneous"" group in her notes.",,opposite cluster,GRE|GMAT|IELTS,false,false
Extenuating,,word,A vocabulary term from the group: Calm down · + / to make less worse.,The medicine did little to extenuating her anxiety before the exam.,,,GRE|GMAT|IELTS,false,false
Exterminate,,verb,To act in a way related to the idea of: Remove / destroy.,"In the ""Remove / destroy"" word cluster, exterminate helps you spot synonyms on test day.",,,GRE|GMAT|IELTS,false,false
Extol,/ɪkˈstəʊl/,verb,Praise enthusiastically.,Historians continue to extol her courage during the crisis.,"laud,acclaim","criticize,condemn",GRE,false,false
Extraneous,/ɪkˈstreɪ.ni.əs/,adjective,Irrelevant to the subject.,"Critics called the proposal extraneous, noting that it was irrelevant to the subject.","irrelevant,superfluous","relevant,essential",GRE|GMAT,false,false
Extrapolate,,verb,To act in a way related to the idea of: To infer.,"She underlined extrapolate while reviewing the ""To infer"" group in her notes.",,,GRE|GMAT|IELTS,false,false
Extravagance,,noun,At the final stage; concluding.,"She underlined extravagance while reviewing the ""Spend lavishly / waste (−)"" group in her notes.",,,GRE|GMAT|IELTS,false,false
Extricate,/ˈeks.trɪ.keɪt/,verb,Free from a constraint.,Leaders met to decide how best to extricate the dispute.,"disentangle,liberate","entangle,imprison",GRE,false,false
Exuberant,/ɪɡˈzuː.bər.ənt/,adjective,Filled with lively energy.,The situation seemed exuberant to anyone who read the full report.,"ebullient,enthusiastic","gloomy,depressed",GRE,true,false
Exultant,,adjective,"Full of happiness, joy, or delight.",A exultant crowd gathered outside the theater on opening night.,,,GRE|GMAT|IELTS,false,false
Fabricate,,verb,Intended to mislead or deceive.,"She underlined fabricate while reviewing the ""Fake / deceptive"" group in her notes.",,,GRE|GMAT|IELTS,false,false
Facile,,word,A vocabulary term from the group: Difficult.,"In the ""Difficult"" word cluster, facile helps you spot synonyms on test day.",,opposite cluster,GRE|GMAT|IELTS,false,false
Facilitate,/fəˈsɪl.ɪ.teɪt/,verb,Make an action easier.,Leaders met to decide how best to facilitate the dispute.,"ease,enable","hinder,impede",GRE|GMAT,true,false
Faction,,noun,"A person, thing, or quality related to: Agreement / harmony.","In the ""Agreement / harmony"" word cluster, faction helps you spot synonyms on test day.",,opposite cluster,GRE|GMAT|IELTS,false,false
Fallacious,/fəˈleɪ.ʃəs/,adjective,Based on a mistaken belief.,"In context, the word fallacious means based on a mistaken belief.","false,flawed","valid,sound",GRE,true,false
Falter,,word,A vocabulary term from the group: Unsteady.,"In the ""Unsteady"" word cluster, falter helps you spot synonyms on test day.",,,GRE|GMAT|IELTS,false,false
Fanatic,,adjective,Describing something related to: Dangerously extreme believer / loyalty.,"Investors wanted a fanatic explanation, not polished marketing language.",,,GRE|GMAT|IELTS,false,false
Fastidious,,adjective,Describing something related to: Thorough / precise.,"She underlined fastidious while reviewing the ""Thorough / precise"" group in her notes.",,,GRE|GMAT|IELTS,false,false
Fathom,,word,A vocabulary term from the group: Understand.,"She underlined fathom while reviewing the ""Understand"" group in her notes.",,,GRE|GMAT|IELTS,false,false
Faze,,word,A vocabulary term from the group: Disturbed / agitated.,"In the ""Disturbed / agitated"" word cluster, faze helps you spot synonyms on test day.",,,GRE|GMAT|IELTS,false,false
Feasible,,adjective,Describing something related to: Practical / possible.,"She underlined feasible while reviewing the ""Practical / possible"" group in her notes.",,,GRE|GMAT|IELTS,false,false
Feckless,,adjective,Describing something related to: Ineffective.,"In the ""Ineffective"" word cluster, feckless helps you spot synonyms on test day.",,,GRE|GMAT|IELTS,false,false
Feign,,word,A vocabulary term from the group: Hide / cover / disguise.,"She underlined feign while reviewing the ""Hide / cover / disguise"" group in her notes.",,,GRE|GMAT|IELTS,false,false
Fervent,,adjective,Describing something related to: Enthusiastic / excited.,"In the ""Enthusiastic / excited"" word cluster, fervent helps you spot synonyms on test day.",,,GRE|GMAT|IELTS,false,false
Fervor,,noun,"A person, thing, or quality related to: Enthusiastic / excited.","In the ""Enthusiastic / excited"" word cluster, fervor helps you spot synonyms on test day.",,,GRE|GMAT|IELTS,false,false
Fetter,,word,A vocabulary term from the group: Restrain / x set free.,"In the ""Restrain / x set free"" word cluster, fetter helps you spot synonyms on test day.",,,GRE|GMAT|IELTS,false,false
Fidelity,,noun,"A person, thing, or quality related to: Disloyalty.","In the ""Disloyalty"" word cluster, fidelity helps you spot synonyms on test day.",,opposite cluster,GRE|GMAT|IELTS,false,false
Figurehead,,verb,"Having great strength, power, or force.","In the ""Without real power"" word cluster, figurehead helps you spot synonyms on test day.",,,GRE|GMAT|IELTS,false,false
Finesse,,word,A vocabulary term from the group: Skillful.,"She underlined finesse while reviewing the ""Skillful"" group in her notes.",,,GRE|GMAT|IELTS,false,false
Fitfully,,adjective,Describing something related to: Irregular / periodically.,"She underlined fitfully while reviewing the ""Irregular / periodically"" group in her notes.",,,GRE|GMAT|IELTS,false,false
Flag,/flæɡ/,verb,Become tired or less enthusiastic.,The team hoped the policy would flag the problem over time.,"wane,decline","strengthen,flourish",GRE,true,false
Flagging,,word,"Lacking strength, power, or effectiveness.","She underlined flagging while reviewing the ""To lose strength / to weaken"" group in her notes.",,,GRE|GMAT|IELTS,false,false
Flagrant,,adjective,Describing something related to: Improper / inapropriate behaviour.,"She underlined flagrant while reviewing the ""Improper / inapropriate behaviour"" group in her notes.",,,GRE|GMAT|IELTS,false,false
Flamboyance,,noun,"A person, thing, or quality related to: Show - off (−).","She underlined flamboyance while reviewing the ""Show - off (−)"" group in her notes.",,,GRE|GMAT|IELTS,false,false
Flaunt,,word,A vocabulary term from the group: Show - off (−).,"In the ""Show - off (−)"" word cluster, flaunt helps you spot synonyms on test day.",,,GRE|GMAT|IELTS,false,false
Flawed,,word,A vocabulary term from the group: Perfect.,"She underlined flawed while reviewing the ""Perfect"" group in her notes.",,opposite cluster,GRE|GMAT|IELTS,false,false
Flawless,,adjective,Describing something related to: Perfect.,"She underlined flawless while reviewing the ""Perfect"" group in her notes.",,,GRE|GMAT|IELTS,false,false
Fleeting,,word,A vocabulary term from the group: Short lived.,"In the ""Short lived"" word cluster, fleeting helps you spot synonyms on test day.",,,GRE|GMAT|IELTS,false,false
Flinch,,word,"Marked by fear, dread, or intimidation.",Even experienced climbers found the final ascent flinch in stormy weather.,,,GRE|GMAT|IELTS,false,false
Flippant,,adjective,Describing something related to: Disrespectfully casual / non-serious.,"In the ""Disrespectfully casual / non-serious"" word cluster, flippant helps you spot synonyms on test day.",,,GRE|GMAT|IELTS,false,false
Florid,/ˈflɒr.ɪd/,adjective,Excessively elaborate.,"In context, the word florid means excessively elaborate.","ornate,flowery","plain,austere",GRE,true,false
Flounder,,word,A vocabulary term from the group: Unsteady.,"She underlined flounder while reviewing the ""Unsteady"" group in her notes.",,,GRE|GMAT|IELTS,false,false
Flout,/flaʊt/,verb,Openly disregard a rule.,The team hoped the policy would flout the problem over time.,"defy,scorn","obey,respect",GRE,true,false
Fluster,,word,A vocabulary term from the group: Disturbed / agitated.,"She underlined fluster while reviewing the ""Disturbed / agitated"" group in her notes.",,,GRE|GMAT|IELTS,false,false
Foe,,word,A vocabulary term from the group: Supporter / x enemy.,"In the ""Supporter / x enemy"" word cluster, foe helps you spot synonyms on test day.",,opposite cluster,GRE|GMAT|IELTS,false,false
Foible,,adjective,Describing something related to: Perfect.,"She underlined foible while reviewing the ""Perfect"" group in her notes.",,opposite cluster,GRE|GMAT|IELTS,false,false
Folly,,adjective,Describing something related to: Cautious / careful / x risky.,"In the ""Cautious / careful / x risky"" word cluster, folly helps you spot synonyms on test day.",,opposite cluster,GRE|GMAT|IELTS,false,false
Forebode,,verb,Indicate or warn of something to come.,Rising costs may forebode deeper cuts to public services.,,,GRE|GMAT|IELTS,false,false
Forecast,,word,A vocabulary term from the group: Prediction.,"She underlined forecast while reviewing the ""Prediction"" group in her notes.",,,GRE|GMAT|IELTS,false,false
Foreground,,word,A vocabulary term from the group: Emphasize.,"She underlined foreground while reviewing the ""Emphasize"" group in her notes.",,,GRE|GMAT|IELTS,false,false
Foremost,,word,A sign or warning of future events.,The foremost clouds suggested a storm was approaching fast.,,,GRE|GMAT|IELTS,false,false
Forerunner,,word,A vocabulary term from the group: Happening before main event.,"In the ""Happening before main event"" word cluster, forerunner helps you spot synonyms on test day.",,,GRE|GMAT|IELTS,false,false
Foresee,,noun,"A person, thing, or quality related to: Prediction.","She underlined foresee while reviewing the ""Prediction"" group in her notes.",,,GRE|GMAT|IELTS,false,false
Foreshadow,,word,A sign or warning of future events.,She encountered the word foreshadow while studying advanced vocabulary for the GRE.,,,GRE|GMAT|IELTS,false,false
Foresight,,word,A vocabulary term from the group: Prediction.,"She underlined foresight while reviewing the ""Prediction"" group in her notes.",,,GRE|GMAT|IELTS,false,false
Forestall,/fɔːˈstɔːl/,verb,Prevent by taking action first.,Early training can forestall costly mistakes later in the project.,"preempt,thwart","allow,permit",GRE,true,false
Foretell,,verb,To act in a way related to the idea of: Prediction.,"She underlined foretell while reviewing the ""Prediction"" group in her notes.",,,GRE|GMAT|IELTS,false,false
Forethought,,word,A vocabulary term from the group: Planned / x spontaneous.,"She underlined forethought while reviewing the ""Planned / x spontaneous"" group in her notes.",,,GRE|GMAT|IELTS,false,false
Forgery,,adjective,Intended to mislead or deceive.,"In the ""Fake / deceptive"" word cluster, forgery helps you spot synonyms on test day.",,,GRE|GMAT|IELTS,false,false
Forgo,,word,Given up or abandoned.,"She underlined forgo while reviewing the ""Give up"" group in her notes.",,,GRE|GMAT|IELTS,false,false
Formulate,,verb,To act in a way related to the idea of: To make up / create.,"She underlined formulate while reviewing the ""To make up / create"" group in her notes.",,,GRE|GMAT|IELTS,false,false
Forsake,,word,Given up or abandoned.,"She underlined forsake while reviewing the ""Give up"" group in her notes.",,,GRE|GMAT|IELTS,false,false
Forthright,,word,"Honest, truthful, and straightforward.","Investors wanted a forthright explanation, not polished marketing language.",,,GRE|GMAT|IELTS,false,false
Fortify,,adjective,Describing something related to: Strengthen / support.,"She underlined fortify while reviewing the ""Strengthen / support"" group in her notes.",,,GRE|GMAT|IELTS,false,false
Fortuitous,,adjective,Describing something related to: Lucky / x unlucky.,"In the ""Lucky / x unlucky"" word cluster, fortuitous helps you spot synonyms on test day.",,,GRE|GMAT|IELTS,false,false
Founder,,word,A vocabulary term from the group: Unsteady.,"She underlined founder while reviewing the ""Unsteady"" group in her notes.",,,GRE|GMAT|IELTS,false,false
Fractious,,adjective,Describing something related to: Aggressive / argumentative.,"In the ""Aggressive / argumentative"" word cluster, fractious helps you spot synonyms on test day.",,,GRE|GMAT|IELTS,false,false
Fraternize,,verb,Bring to an end; stop or conclude.,"In the ""Friendly"" word cluster, fraternize helps you spot synonyms on test day.",,,GRE|GMAT|IELTS,false,false
Frenetic,,adjective,Describing something related to: Disturbed / agitated.,"In the ""Disturbed / agitated"" word cluster, frenetic helps you spot synonyms on test day.",,,GRE|GMAT|IELTS,false,false
Fringe,,word,A vocabulary term from the group: Unimportant / trivial.,"She underlined fringe while reviewing the ""Unimportant / trivial"" group in her notes.",,,GRE|GMAT|IELTS,false,false
Frivolity,,noun,"A person, thing, or quality related to: Disrespectfully casual / non-serious.","In the ""Disrespectfully casual / non-serious"" word cluster, frivolity helps you spot synonyms on test day.",,,GRE|GMAT|IELTS,false,false
Frivolous,,adjective,Describing something related to: Disrespectfully casual / non-serious.,"She underlined frivolous while reviewing the ""Disrespectfully casual / non-serious"" group in her notes.",,,GRE|GMAT|IELTS,false,false
Frustrate,,verb,To act in a way related to the idea of: Restrict / stop / prevent.,"In the ""Restrict / stop / prevent"" word cluster, frustrate helps you spot synonyms on test day.",,,GRE|GMAT|IELTS,false,false
Fumble,,word,Feeling embarrassed or self-conscious.,"She underlined fumble while reviewing the ""Awkward / clumsy"" group in her notes.",,,GRE|GMAT|IELTS,false,false
Fume,,word,"Full of anger, rage, or irritation.",Her fume reply showed she would not accept the excuse.,,,GRE|GMAT|IELTS,false,false
Furtive,,adjective,Describing something related to: Secret (−).,"She underlined furtive while reviewing the ""Secret (−)"" group in her notes.",,,GRE|GMAT|IELTS,false,false
Futile,/ˈfjuː.taɪl/,adjective,Incapable of producing results.,"In context, the word futile means incapable of producing results.","pointless,useless","effective,fruitful",GRE|IELTS,true,false
Gaiety,,noun,"Full of happiness, joy, or delight.",A gaiety crowd gathered outside the theater on opening night.,,,GRE|GMAT|IELTS,false,false
Gallant,,adjective,Showing courage or bravery in the face of difficulty.,"She underlined gallant while reviewing the ""Brave"" group in her notes.",,,GRE|GMAT|IELTS,false,false
Gargantuan,,word,A vocabulary term from the group: Huge / big.,"In the ""Huge / big"" word cluster, gargantuan helps you spot synonyms on test day.",,,GRE|GMAT|IELTS,false,false
Garrulous,/ˈɡær.ʊ.ləs/,adjective,Excessively talkative.,The garrulous speaker left little time for questions from the audience.,"chatty,verbose","reserved,laconic",GRE,false,false
Gauche,,word,Feeling embarrassed or self-conscious.,"She underlined gauche while reviewing the ""Awkward / clumsy"" group in her notes.",,,GRE|GMAT|IELTS,false,false
Gawky,,adjective,Feeling embarrassed or self-conscious.,"She underlined gawky while reviewing the ""Awkward / clumsy"" group in her notes.",,,GRE|GMAT|IELTS,false,false
Generalize,,verb,To act in a way related to the idea of: To infer.,"In the ""To infer"" word cluster, generalize helps you spot synonyms on test day.",,,GRE|GMAT|IELTS,false,false
Genuine,,adjective,Intended to mislead or deceive.,"She underlined genuine while reviewing the ""Fake / deceptive"" group in her notes.",,opposite cluster,GRE|GMAT|IELTS,false,false
Germane,,word,A vocabulary term from the group: Relevant.,"She underlined germane while reviewing the ""Relevant"" group in her notes.",,,GRE|GMAT|IELTS,false,false
Ghastly,,adjective,Describing something related to: Horrifying / shocking.,"In the ""Horrifying / shocking"" word cluster, ghastly helps you spot synonyms on test day.",,,GRE|GMAT|IELTS,false,false
Gigantic,,adjective,Describing something related to: Huge / big.,"In the ""Huge / big"" word cluster, gigantic helps you spot synonyms on test day.",,,GRE|GMAT|IELTS,false,false
Gist,,word,A vocabulary term from the group: Summary.,"She underlined gist while reviewing the ""Summary"" group in her notes.",,,GRE|GMAT|IELTS,false,false
Glorify,,adjective,Expressing praise or admiration.,The coach took a moment to glorify the team for its hard work.,,,GRE|GMAT|IELTS,false,false
Gluttony,,adjective,Describing something related to: Greed.,Critics accused the firm of gluttony behavior during the shortage.,,,GRE|GMAT|IELTS,false,false
Grandiose,,word,A vocabulary term from the group: Show - off (−).,"In the ""Show - off (−)"" word cluster, grandiose helps you spot synonyms on test day.",,,GRE|GMAT|IELTS,false,false
Grateful,,adjective,Describing something related to: Thankful / bound*.,"In the ""Thankful / bound*"" word cluster, grateful helps you spot synonyms on test day.",,,GRE|GMAT|IELTS,false,false
Gratify,,adjective,Describing something related to: Fully satisfied.,"In the ""Fully satisfied"" word cluster, gratify helps you spot synonyms on test day.",,,GRE|GMAT|IELTS,false,false
Gratitude,,word,A vocabulary term from the group: Thankful / bound*.,"She underlined gratitude while reviewing the ""Thankful / bound*"" group in her notes.",,,GRE|GMAT|IELTS,false,false
Grave,,word,A vocabulary term from the group: Disrespectfully casual / non-serious.,"She underlined grave while reviewing the ""Disrespectfully casual / non-serious"" group in her notes.",,opposite cluster,GRE|GMAT|IELTS,false,false
Gravity,,noun,"A person, thing, or quality related to: Disrespectfully casual / non-serious.","In the ""Disrespectfully casual / non-serious"" word cluster, gravity helps you spot synonyms on test day.",,opposite cluster,GRE|GMAT|IELTS,false,false
Gross,,word,A vocabulary term from the group: Horrifying / shocking.,"In the ""Horrifying / shocking"" word cluster, gross helps you spot synonyms on test day.",,,GRE|GMAT|IELTS,false,false
Grudging,,word,A vocabulary term from the group: To do happily (+).,"She underlined grudging while reviewing the ""To do happily (+)"" group in her notes.",,opposite cluster,GRE|GMAT|IELTS,false,false
Gruesome,,adjective,Describing something related to: Horrifying / shocking.,"She underlined gruesome while reviewing the ""Horrifying / shocking"" group in her notes.",,,GRE|GMAT|IELTS,false,false
Guile,,word,A vocabulary term from the group: Cheat / deceive.,"In the ""Cheat / deceive"" word cluster, guile helps you spot synonyms on test day.",,,GRE|GMAT|IELTS,false,false
Guileless,/ˈɡaɪl.ləs/,adjective,Devoid of deceit.,"In context, the word guileless means devoid of deceit.","innocent,naive","cunning,crafty",GRE,true,false
Guise,,verb,To act in a way related to the idea of: Hide / cover / disguise.,"She underlined guise while reviewing the ""Hide / cover / disguise"" group in her notes.",,,GRE|GMAT|IELTS,false,false
Gulf,,word,A vocabulary term from the group: Split / gap.,"In the ""Split / gap"" word cluster, gulf helps you spot synonyms on test day.",,,GRE|GMAT|IELTS,false,false
Gullible,/ˈɡʌl.ɪ.bəl/,adjective,Easily persuaded to believe.,The situation seemed gullible to anyone who read the full report.,"credulous,naive","skeptical,discerning",GRE,true,false
Habituate,,verb,To act in a way related to the idea of: Used to.,"She underlined habituate while reviewing the ""Used to"" group in her notes.",,,GRE|GMAT|IELTS,false,false
Hackney,,adjective,Describing something related to: Ordinary / unoriginal (−).,"She underlined hackney while reviewing the ""Ordinary / unoriginal (−)"" group in her notes.",,,GRE|GMAT|IELTS,false,false
Hail,,word,Expressing praise or admiration.,Reviewers hail the author for turning complex ideas into clear prose.,,,GRE|GMAT|IELTS,false,false
Hapless,,adjective,Describing something related to: Lucky / x unlucky.,"In the ""Lucky / x unlucky"" word cluster, hapless helps you spot synonyms on test day.",,opposite cluster,GRE|GMAT|IELTS,false,false
Harangue,/həˈræŋ/,noun,A lengthy aggressive speech.,Her closing harangue reminded the audience why the issue mattered.,"tirade,diatribe","conversation,dialogue",GRE,true,false
Harbinger,,word,A vocabulary term from the group: Happening before main event.,"In the ""Happening before main event"" word cluster, harbinger helps you spot synonyms on test day.",,,GRE|GMAT|IELTS,false,false
Haughty,,noun,"A person, thing, or quality related to: Overly proud (−).","In the ""Overly proud (−)"" word cluster, haughty helps you spot synonyms on test day.",,,GRE|GMAT|IELTS,false,false
Head-On,,word,A vocabulary term from the group: Avoid / dodge.,"In the ""Avoid / dodge"" word cluster, head-on helps you spot synonyms on test day.",,opposite cluster,GRE|GMAT|IELTS,false,false
Heedful,,adjective,Describing something related to: Cautious / careful / x risky.,"She underlined heedful while reviewing the ""Cautious / careful / x risky"" group in her notes.",,,GRE|GMAT|IELTS,false,false
Heinous,,adjective,Describing something related to: Horrifying / shocking.,"She underlined heinous while reviewing the ""Horrifying / shocking"" group in her notes.",,,GRE|GMAT|IELTS,false,false
Heresy,/ˈher.ə.si/,noun,Belief contrary to orthodox doctrine.,The essay turned on the heresy introduced in the opening paragraph.,"dissent,nonconformity","orthodoxy,conformity",GRE,true,false
Heretical,,adjective,Describing something related to: Rebellious / unconventional.,"She underlined heretical while reviewing the ""Rebellious / unconventional"" group in her notes.",,,GRE|GMAT|IELTS,false,false
Heterodox,,word,A vocabulary term from the group: Rebellious / unconventional.,"In the ""Rebellious / unconventional"" word cluster, heterodox helps you spot synonyms on test day.",,,GRE|GMAT|IELTS,false,false
Heterogeneity,,noun,"Similar in nature, quality, or appearance.","In the ""Being-alike"" word cluster, heterogeneity helps you spot synonyms on test day.",,opposite cluster,GRE|GMAT|IELTS,false,false
Hiatus,,word,"A temporary pause, break, or gap in continuity.","In the ""Interval / pause"" word cluster, hiatus helps you spot synonyms on test day.",,,GRE|GMAT|IELTS,false,false
Hidebound,,word,A vocabulary term from the group: Rebellious / unconventional.,"In the ""Rebellious / unconventional"" word cluster, hidebound helps you spot synonyms on test day.",,opposite cluster,GRE|GMAT|IELTS,false,false
Hideous,,adjective,Describing something related to: Horrifying / shocking.,"She underlined hideous while reviewing the ""Horrifying / shocking"" group in her notes.",,,GRE|GMAT|IELTS,false,false
Hinder,,word,A vocabulary term from the group: Restrict / stop / prevent.,"In the ""Restrict / stop / prevent"" word cluster, hinder helps you spot synonyms on test day.",,,GRE|GMAT|IELTS,false,false
Hindsight,,word,A vocabulary term from the group: Remembering the past.,"In the ""Remembering the past"" word cluster, hindsight helps you spot synonyms on test day.",,,GRE|GMAT|IELTS,false,false
Homogenity,,noun,"Similar in nature, quality, or appearance.","She underlined homogenity while reviewing the ""Being-alike"" group in her notes.",,,GRE|GMAT|IELTS,false,false
Horrendous,,adjective,Describing something related to: Horrifying / shocking.,"She underlined horrendous while reviewing the ""Horrifying / shocking"" group in her notes.",,,GRE|GMAT|IELTS,false,false
Hortatory,,adjective,Describing something related to: Persuade.,"In the ""Persuade"" word cluster, hortatory helps you spot synonyms on test day.",,,GRE|GMAT|IELTS,false,false
Hostility,,noun,"A person, thing, or quality related to: Aggressive / argumentative.","She underlined hostility while reviewing the ""Aggressive / argumentative"" group in her notes.",,,GRE|GMAT|IELTS,false,false
Humane,,word,Willing to give or share freely; kind and generous.,Critics accused the firm of humane behavior during the shortage.,,,GRE|GMAT|IELTS,false,false
Humdrum,,word,A vocabulary term from the group: Ordinary / unoriginal (−).,"In the ""Ordinary / unoriginal (−)"" word cluster, humdrum helps you spot synonyms on test day.",,,GRE|GMAT|IELTS,false,false
Humongous,,adjective,Describing something related to: Huge / big.,"She underlined humongous while reviewing the ""Huge / big"" group in her notes.",,,GRE|GMAT|IELTS,false,false
Hyperbole,,word,A vocabulary term from the group: Exaggerate.,"In the ""Exaggerate"" word cluster, hyperbole helps you spot synonyms on test day.",,,GRE|GMAT|IELTS,false,false
Hypocritical,,adjective,Describing something related to: Pretense of morality (−).,"She underlined hypocritical while reviewing the ""Pretense of morality (−)"" group in her notes.",,,GRE|GMAT|IELTS,false,false
Hypothetical,,adjective,Describing something related to: Guesswork / unproven theory.,"In the ""Guesswork / unproven theory"" word cluster, hypothetical helps you spot synonyms on test day.",,,GRE|GMAT|IELTS,false,false
Hysterical,,adjective,Describing something related to: Disturbed / agitated.,"In the ""Disturbed / agitated"" word cluster, hysterical helps you spot synonyms on test day.",,,GRE|GMAT|IELTS,false,false
Iconoclast,/aɪˈkɒn.ə.klæst/,noun,A person who attacks beliefs.,The iconoclast in the story refused to follow the crowd without question.,"rebel,dissenter","conformist,traditionalist",GRE,true,false
Idealogue,,word,A vocabulary term from the group: Dangerously extreme believer / loyalty.,The witness gave a idealogue account of what happened that night.,,,GRE|GMAT|IELTS,false,false
Ideology,,adjective,Describing something related to: Rule / principle / law.,"In the ""Rule / principle / law"" word cluster, ideology helps you spot synonyms on test day.",,,GRE|GMAT|IELTS,false,false
Idiosyncrasy,/ˌɪd.i.əˈsɪŋ.krə.si/,noun,A mode of behavior peculiar to an individual.,The idiosyncrasy in the story refused to follow the crowd without question.,"quirk,eccentricity","normality,convention",GRE,true,false
Ignominy,,adjective,Describing something related to: Disrepute / bad reputation.,"In the ""Disrepute / bad reputation"" word cluster, ignominy helps you spot synonyms on test day.",,,GRE|GMAT|IELTS,false,false
Illegible,,adjective,Describing something related to: Understand.,"She underlined illegible while reviewing the ""Understand"" group in her notes.",,opposite cluster,GRE|GMAT|IELTS,false,false
Imbecile,,word,A vocabulary term from the group: Stupid / foolish.,Only a imbecile reader would miss the irony in that paragraph.,,,GRE|GMAT|IELTS,false,false
Immaculate,,verb,To act in a way related to the idea of: Perfect.,"In the ""Perfect"" word cluster, immaculate helps you spot synonyms on test day.",,,GRE|GMAT|IELTS,false,false
Immune,,word,A vocabulary term from the group: Easily affected (−).,"She underlined immune while reviewing the ""Easily affected (−)"" group in her notes.",,opposite cluster,GRE|GMAT|IELTS,false,false
Immure,,noun,"A person, thing, or quality related to: Punish.","She underlined immure while reviewing the ""Punish"" group in her notes.",,,GRE|GMAT|IELTS,false,false
Immutable,/ɪˈmjuː.tə.bəl/,adjective,Unchanging over time.,"Critics called the proposal immutable, noting that it was unchanging over time.","fixed,constant","changeable,variable",GRE,true,false
Impasse,,word,At the final stage; concluding.,"In the ""Dead end"" word cluster, impasse helps you spot synonyms on test day.",,,GRE|GMAT|IELTS,false,false
Impassioned,,word,A vocabulary term from the group: Enthusiastic / excited.,"In the ""Enthusiastic / excited"" word cluster, impassioned helps you spot synonyms on test day.",,,GRE|GMAT|IELTS,false,false
Impassive,,adjective,Not alike; clearly different in nature or quality.,Urban and rural communities often have impassive needs during a crisis.,,,GRE|GMAT|IELTS,false,false
Impeccable,,adjective,Describing something related to: Perfect.,"She underlined impeccable while reviewing the ""Perfect"" group in her notes.",,,GRE|GMAT|IELTS,false,false
Impecunious,/ˌɪm.pɪˈkjuː.ni.əs/,adjective,Having little money.,"In context, the word impecunious means having little money.","poor,penniless","wealthy,affluent",GRE,true,false
Impede,,word,A vocabulary term from the group: Restrict / stop / prevent.,"In the ""Restrict / stop / prevent"" word cluster, impede helps you spot synonyms on test day.",,,GRE|GMAT|IELTS,false,false
Impediment,,noun,"A person, thing, or quality related to: Restrict / stop / prevent.","In the ""Restrict / stop / prevent"" word cluster, impediment helps you spot synonyms on test day.",,,GRE|GMAT|IELTS,false,false
Imperative,,adjective,A sign or warning of future events.,Dark headlines gave an imperative picture of what lay ahead for the economy.,,,GRE|GMAT|IELTS,false,false
Imperceptible,,adjective,Describing something related to: To see.,"She underlined imperceptible while reviewing the ""To see"" group in her notes.",,opposite cluster,GRE|GMAT|IELTS,false,false
Imperious,/ɪmˈpɪə.ri.əs/,adjective,Assuming power without justification.,The situation seemed imperious to anyone who read the full report.,"domineering,overbearing","submissive,humble",GRE,true,false
Impertinent,,adjective,Showing courage or bravery in the face of difficulty.,"She underlined impertinent while reviewing the ""Disrespectfully bold (−)"" group in her notes.",,,GRE|GMAT|IELTS,false,false
Imperturbable,/ˌɪm.pəˈtɜː.bə.bəl/,adjective,Unable to be upset.,"Critics called the proposal imperturbable, noting that it was unable to be upset.","composed,unflappable","agitated,nervous",GRE,true,false
Impervious,,adjective,Describing something related to: Cannot be defeated.,"She underlined impervious while reviewing the ""Cannot be defeated"" group in her notes.",,,GRE|GMAT|IELTS,false,false
Impetuous,/ɪmˈpetʃ.u.əs/,adjective,Acting quickly without thought.,"Critics called the proposal impetuous, noting that it was acting quickly without thought.","impulsive,rash","cautious,deliberate",GRE,true,false
Impious,,adjective,Describing something related to: Disrespecting sacred things.,"In the ""Disrespecting sacred things"" word cluster, impious helps you spot synonyms on test day.",,,GRE|GMAT|IELTS,false,false
Implacable,/ɪmˈplæk.ə.bəl/,adjective,Unable to be placated.,The situation seemed implacable to anyone who read the full report.,"relentless,unforgiving","forgiving,merciful",GRE,true,false
Implicate,,verb,Express strong disapproval or criticism.,Editorials began to implicate the mayor for ignoring early warnings.,,,GRE|GMAT|IELTS,false,false
Implicit,/ɪmˈplɪs.ɪt/,adjective,Implied though not stated.,The situation seemed implicit to anyone who read the full report.,"implied,unspoken","explicit,stated",GRE|GMAT,true,false
Implore,,word,A vocabulary term from the group: Plead.,"In the ""Plead"" word cluster, implore helps you spot synonyms on test day.",,,GRE|GMAT|IELTS,false,false
Impolitic,,adjective,Describing something related to: Intelligent / wise.,It was a impolitic move to negotiate before costs rose further.,,opposite cluster,GRE|GMAT|IELTS,false,false
Importune,,word,A vocabulary term from the group: Plead.,"She underlined importune while reviewing the ""Plead"" group in her notes.",,,GRE|GMAT|IELTS,false,false
Impoverish,,adjective,Describing something related to: Poor.,"In the ""Poor"" word cluster, impoverish helps you spot synonyms on test day.",,,GRE|GMAT|IELTS,false,false
Improbable,,adjective,Describing something related to: Practical / possible.,"She underlined improbable while reviewing the ""Practical / possible"" group in her notes.",,opposite cluster,GRE|GMAT|IELTS,false,false
Improbity,,noun,"A person, thing, or quality related to: Immoral.","She underlined improbity while reviewing the ""Immoral"" group in her notes.",,,GRE|GMAT|IELTS,false,false
Impromptu,,word,A vocabulary term from the group: Planned / x spontaneous.,"She underlined impromptu while reviewing the ""Planned / x spontaneous"" group in her notes.",,opposite cluster,GRE|GMAT|IELTS,false,false
Improvise,,verb,To act in a way related to the idea of: Planned / x spontaneous.,"In the ""Planned / x spontaneous"" word cluster, improvise helps you spot synonyms on test day.",,opposite cluster,GRE|GMAT|IELTS,false,false
Imprudent,,adjective,Describing something related to: Intelligent / wise.,The mentor offered imprudent advice that changed her study habits.,,opposite cluster,GRE|GMAT|IELTS,false,false
Impudent,,adjective,Showing courage or bravery in the face of difficulty.,"In the ""Disrespectfully bold (−)"" word cluster, impudent helps you spot synonyms on test day.",,,GRE|GMAT|IELTS,false,false
Impugn,,word,A vocabulary term from the group: Supporter / x enemy.,"In the ""Supporter / x enemy"" word cluster, impugn helps you spot synonyms on test day.",,opposite cluster,GRE|GMAT|IELTS,false,false
Inadvertently,,adjective,Describing something related to: Unintentionally.,"She underlined inadvertently while reviewing the ""Unintentionally"" group in her notes.",,,GRE|GMAT|IELTS,false,false
Inalienable,,adjective,Describing something related to: Take away forcibly.,"In the ""Take away forcibly"" word cluster, inalienable helps you spot synonyms on test day.",,opposite cluster,GRE|GMAT|IELTS,false,false
Inane,,word,A vocabulary term from the group: Stupid / foolish.,The mentor offered inane advice that changed her study habits.,,,GRE|GMAT|IELTS,false,false
Inattentive,,adjective,Describing something related to: Alert.,"She underlined inattentive while reviewing the ""Alert"" group in her notes.",,opposite cluster,GRE|GMAT|IELTS,false,false
Incarcerate,,verb,To act in a way related to the idea of: Punish.,"She underlined incarcerate while reviewing the ""Punish"" group in her notes.",,,GRE|GMAT|IELTS,false,false
Incendiary,,adjective,Describing something related to: To stir up / revolt.,"In the ""To stir up / revolt"" word cluster, incendiary helps you spot synonyms on test day.",,,GRE|GMAT|IELTS,false,false
Incense,,word,"Full of anger, rage, or irritation.",Her incense reply showed she would not accept the excuse.,,,GRE|GMAT|IELTS,false,false
Inception,,noun,At the beginning; initial.,"She underlined inception while reviewing the ""Just beginning or developing"" group in her notes.",,,GRE|GMAT|IELTS,false,false
Incessant,,adjective,At the final stage; concluding.,"In the ""Never ending / non stop"" word cluster, incessant helps you spot synonyms on test day.",,,GRE|GMAT|IELTS,false,false
Inchoate,/ɪnˈkəʊ.eɪt/,adjective,Just begun and not fully formed.,"In context, the word inchoate means just begun and not fully formed.","rudimentary,embryonic","developed,mature",GRE,true,false
Incidental,,adjective,Describing something related to: Unimportant / trivial.,"She underlined incidental while reviewing the ""Unimportant / trivial"" group in her notes.",,,GRE|GMAT|IELTS,false,false
Incipient,,adjective,At the beginning; initial.,"She underlined incipient while reviewing the ""Just beginning or developing"" group in her notes.",,,GRE|GMAT|IELTS,false,false
Incisive,,adjective,Describing something related to: Harsh / biting / sharp.,"In the ""Harsh / biting / sharp"" word cluster, incisive helps you spot synonyms on test day.",,,GRE|GMAT|IELTS,false,false
Incite,,word,A vocabulary term from the group: To stir up / revolt.,"In the ""To stir up / revolt"" word cluster, incite helps you spot synonyms on test day.",,,GRE|GMAT|IELTS,false,false
Inclusive,,adjective,Describing something related to: Include everything.,"In the ""Include everything"" word cluster, inclusive helps you spot synonyms on test day.",,,GRE|GMAT|IELTS,false,false
Incognito,,word,A vocabulary term from the group: Hide / cover / disguise.,"In the ""Hide / cover / disguise"" word cluster, incognito helps you spot synonyms on test day.",,,GRE|GMAT|IELTS,false,false
Incompatible,,adjective,Describing something related to: Agreement / harmony.,"She underlined incompatible while reviewing the ""Agreement / harmony"" group in her notes.",,opposite cluster,GRE|GMAT|IELTS,false,false
Inconclusive,,adjective,Describing something related to: Sure / certain / x conditional.,"In the ""Sure / certain / x conditional"" word cluster, inconclusive helps you spot synonyms on test day.",,opposite cluster,GRE|GMAT|IELTS,false,false
Inconsequential,,adjective,Describing something related to: Unimportant / trivial.,"In the ""Unimportant / trivial"" word cluster, inconsequential helps you spot synonyms on test day.",,,GRE|GMAT|IELTS,false,false
Inconsiderable,,adjective,A sign or warning of future events.,Dark headlines gave an inconsiderable picture of what lay ahead for the economy.,,,GRE|GMAT|IELTS,false,false
Inconsistent,,adjective,Describing something related to: Fickle / fluctuating.,"She underlined inconsistent while reviewing the ""Fickle / fluctuating"" group in her notes.",,,GRE|GMAT|IELTS,false,false
Incontrovertible,,adjective,Describing something related to: Sure / certain / x conditional.,"She underlined incontrovertible while reviewing the ""Sure / certain / x conditional"" group in her notes.",,,GRE|GMAT|IELTS,false,false
Incorrigible,,adjective,Unwilling to change one's mind or course of action.,"She underlined incorrigible while reviewing the ""Stubborn (−)"" group in her notes.",,,GRE|GMAT|IELTS,false,false
Incriminate,,verb,Express strong disapproval or criticism.,Editorials began to incriminate the mayor for ignoring early warnings.,,,GRE|GMAT|IELTS,false,false
Indebted,,word,A vocabulary term from the group: Thankful / bound*.,"She underlined indebted while reviewing the ""Thankful / bound*"" group in her notes.",,,GRE|GMAT|IELTS,false,false
Indecorous,,adjective,Describing something related to: Improper / inapropriate behaviour.,"She underlined indecorous while reviewing the ""Improper / inapropriate behaviour"" group in her notes.",,,GRE|GMAT|IELTS,false,false
Indefatigable,/ˌɪn.dɪˈfæt.ɪ.ɡə.bəl/,adjective,Persisting tirelessly.,The situation seemed indefatigable to anyone who read the full report.,"tireless,unwavering","lethargic,weary",GRE,true,false
Indefensible,,adjective,Describing something related to: Proven to be right.,"In the ""Proven to be right"" word cluster, indefensible helps you spot synonyms on test day.",,opposite cluster,GRE|GMAT|IELTS,false,false
Indelible,,adjective,Describing something related to: Remove / destroy.,"In the ""Remove / destroy"" word cluster, indelible helps you spot synonyms on test day.",,opposite cluster,GRE|GMAT|IELTS,false,false
Indemnify,,adjective,Describing something related to: Correct / repair.,"She underlined indemnify while reviewing the ""Correct / repair"" group in her notes.",,,GRE|GMAT|IELTS,false,false
Indict,,word,Expressing criticism or strong disapproval.,Editorials began to indict the mayor for ignoring early warnings.,,,GRE|GMAT|IELTS,false,false
Indigenous,/ɪnˈdɪdʒ.ɪ.nəs/,adjective,Originating naturally in a place.,The situation seemed indigenous to anyone who read the full report.,"native,local","foreign,imported",GRE|IELTS,true,false
Indigent,,adjective,Describing something related to: Poor.,"In the ""Poor"" word cluster, indigent helps you spot synonyms on test day.",,,GRE|GMAT|IELTS,false,false
Indignation,,noun,"Full of anger, rage, or irritation.",Letters from voters grew increasingly indignation over the delay.,,,GRE|GMAT|IELTS,false,false
Indispensible,,adjective,A sign or warning of future events.,Dark headlines gave an indispensible picture of what lay ahead for the economy.,,,GRE|GMAT|IELTS,false,false
Indistinct,,word,A vocabulary term from the group: Unclear / hazy.,"She underlined indistinct while reviewing the ""Unclear / hazy"" group in her notes.",,,GRE|GMAT|IELTS,false,false
Indomitable,,adjective,Describing something related to: Cannot be defeated.,"In the ""Cannot be defeated"" word cluster, indomitable helps you spot synonyms on test day.",,,GRE|GMAT|IELTS,false,false
Induce,,verb,To act in a way related to the idea of: Persuade.,"In the ""Persuade"" word cluster, induce helps you spot synonyms on test day.",,,GRE|GMAT|IELTS,false,false
Inductive,,adjective,Describing something related to: To infer.,"She underlined inductive while reviewing the ""To infer"" group in her notes.",,,GRE|GMAT|IELTS,false,false
Indulge,,word,A vocabulary term from the group: Self control.,"In the ""Self control"" word cluster, indulge helps you spot synonyms on test day.",,opposite cluster,GRE|GMAT|IELTS,false,false
Industrious,,adjective,Describing something related to: Hard working (+).,"She underlined industrious while reviewing the ""Hard working (+)"" group in her notes.",,,GRE|GMAT|IELTS,false,false
Inefabble,,word,A vocabulary term from the group: Fluent / clear.,"In the ""Fluent / clear"" word cluster, inefabble helps you spot synonyms on test day.",,opposite cluster,GRE|GMAT|IELTS,false,false
Ineffectual,,adjective,Describing something related to: Ineffective.,"In the ""Ineffective"" word cluster, ineffectual helps you spot synonyms on test day.",,,GRE|GMAT|IELTS,false,false
Inept,,word,A vocabulary term from the group: Skillful.,"In the ""Skillful"" word cluster, inept helps you spot synonyms on test day.",,opposite cluster,GRE|GMAT|IELTS,false,false
Inevitable,,adjective,Describing something related to: Avoid / dodge.,"She underlined inevitable while reviewing the ""Avoid / dodge"" group in her notes.",,opposite cluster,GRE|GMAT|IELTS,false,false
Inexorable,/ɪnˈeks.ər.ə.bəl/,adjective,Impossible to stop or prevent.,The situation seemed inexorable to anyone who read the full report.,"relentless,unstoppable","flexible,yielding",GRE,true,false
Infallible,,adjective,Describing something related to: Perfect.,"In the ""Perfect"" word cluster, infallible helps you spot synonyms on test day.",,,GRE|GMAT|IELTS,false,false
Infamy,,adjective,Describing something related to: Disrepute / bad reputation.,"In the ""Disrepute / bad reputation"" word cluster, infamy helps you spot synonyms on test day.",,,GRE|GMAT|IELTS,false,false
Infancy,,noun,At the beginning; initial.,"In the ""Just beginning or developing"" word cluster, infancy helps you spot synonyms on test day.",,,GRE|GMAT|IELTS,false,false
Infinitesimal,,adjective,Describing something related to: Small.,"In the ""Small"" word cluster, infinitesimal helps you spot synonyms on test day.",,,GRE|GMAT|IELTS,false,false
Infraction,,noun,"A temporary pause, break, or gap in continuity.","She underlined infraction while reviewing the ""Break a rule"" group in her notes.",,,GRE|GMAT|IELTS,false,false
Infuriate,,verb,Make someone angry or irritated.,Letters from voters grew increasingly infuriate over the delay.,,,GRE|GMAT|IELTS,false,false
Ingenuous,/ɪnˈdʒen.ju.əs/,adjective,Innocent and unsuspecting.,"Critics called the proposal ingenuous, noting that it was innocent and unsuspecting.","naive,sincere","cunning,worldly",GRE,true,false
Ingrained,,word,A vocabulary term from the group: Inborn / firmly fixed.,"She underlined ingrained while reviewing the ""Inborn / firmly fixed"" group in her notes.",,,GRE|GMAT|IELTS,false,false
Inherent,,adjective,Describing something related to: Inborn / firmly fixed.,"She underlined inherent while reviewing the ""Inborn / firmly fixed"" group in her notes.",,,GRE|GMAT|IELTS,false,false
Inhibit,,word,A vocabulary term from the group: Restrict / stop / prevent.,"She underlined inhibit while reviewing the ""Restrict / stop / prevent"" group in her notes.",,,GRE|GMAT|IELTS,false,false
Inimical,/ɪˈnɪm.ɪ.kəl/,adjective,Harmful or hostile in effect.,The climate proved inimical to crops that had thrived farther south.,"adverse,hostile","beneficial,friendly",GRE,false,false
Inimitable,,adjective,Describing something related to: Unmatched / unique.,"In the ""Unmatched / unique"" word cluster, inimitable helps you spot synonyms on test day.",,,GRE|GMAT|IELTS,false,false
Innate,,verb,To act in a way related to the idea of: Inborn / firmly fixed.,"She underlined innate while reviewing the ""Inborn / firmly fixed"" group in her notes.",,,GRE|GMAT|IELTS,false,false
Innocuous,/ɪˈnɒk.ju.əs/,adjective,Not harmful or offensive.,The climate proved innocuous to crops that had thrived farther south.,"harmless,benign","harmful,offensive",GRE,true,false
Inscrutable,,adjective,Describing something related to: Puzzling.,"In the ""Puzzling"" word cluster, inscrutable helps you spot synonyms on test day.",,,GRE|GMAT|IELTS,false,false
Insidious,,adjective,Describing something related to: Harmful / curse.,"She underlined insidious while reviewing the ""Harmful / curse"" group in her notes.",,,GRE|GMAT|IELTS,false,false
Insightful,,adjective,Describing something related to: Intelligent / wise.,It was a insightful move to negotiate before costs rose further.,,,GRE|GMAT|IELTS,false,false
Insincere,,word,Intended to mislead or deceive.,"In the ""Fake / deceptive"" word cluster, insincere helps you spot synonyms on test day.",,,GRE|GMAT|IELTS,false,false
Insipid,/ɪnˈsɪp.ɪd/,adjective,Lacking flavor or interest.,"Critics called the proposal insipid, noting that it was lacking flavor or interest.","bland,dull","flavorful,exciting",GRE,true,false
Insolent,,adjective,Showing courage or bravery in the face of difficulty.,"In the ""Disrespectfully bold (−)"" word cluster, insolent helps you spot synonyms on test day.",,,GRE|GMAT|IELTS,false,false
Instigate,,verb,To act in a way related to the idea of: To stir up / revolt.,"In the ""To stir up / revolt"" word cluster, instigate helps you spot synonyms on test day.",,,GRE|GMAT|IELTS,false,false
Insular,/ˈɪn.sjə.lər/,adjective,Ignorant of cultures outside one's own.,"In context, the word insular means ignorant of cultures outside one's own.","narrow-minded,provincial","cosmopolitan,open",GRE,true,false
Insurgent,,adjective,Describing something related to: Rebellious / unconventional.,"She underlined insurgent while reviewing the ""Rebellious / unconventional"" group in her notes.",,,GRE|GMAT|IELTS,false,false
Insurrection,,noun,"A person, thing, or quality related to: Rebellious / unconventional.","She underlined insurrection while reviewing the ""Rebellious / unconventional"" group in her notes.",,,GRE|GMAT|IELTS,false,false
Intangible,,adjective,"Lacking strength, power, or effectiveness.","She underlined intangible while reviewing the ""Weak / fragile"" group in her notes.",,,GRE|GMAT|IELTS,false,false
Integrate,,verb,To act in a way related to the idea of: Combine.,"She underlined integrate while reviewing the ""Combine"" group in her notes.",,,GRE|GMAT|IELTS,false,false
Integrity,,noun,"A person, thing, or quality related to: Immoral.","She underlined integrity while reviewing the ""Immoral"" group in her notes.",,opposite cluster,GRE|GMAT|IELTS,false,false
Intelligible,,adjective,Describing something related to: Understand.,"In the ""Understand"" word cluster, intelligible helps you spot synonyms on test day.",,,GRE|GMAT|IELTS,false,false
Intentional,,adjective,Describing something related to: Planned / x spontaneous.,"She underlined intentional while reviewing the ""Planned / x spontaneous"" group in her notes.",,,GRE|GMAT|IELTS,false,false
Interminable,,adjective,At the final stage; concluding.,"In the ""Never ending / non stop"" word cluster, interminable helps you spot synonyms on test day.",,,GRE|GMAT|IELTS,false,false
Intermittent,,adjective,Describing something related to: Irregular / periodically.,"She underlined intermittent while reviewing the ""Irregular / periodically"" group in her notes.",,,GRE|GMAT|IELTS,false,false
Intertwined,,word,A vocabulary term from the group: Having twists / turns / complex.,Colleagues intertwined her calm leadership during the merger.,,,GRE|GMAT|IELTS,false,false
Intimidate,,verb,Cause fear or intimidation.,"The steep mountain path looked intimidate, but the guide reassured the group.",,,GRE|GMAT|IELTS,false,false
Intractable,,adjective,Unwilling to change one's mind or course of action.,"She underlined intractable while reviewing the ""Stubborn (−)"" group in her notes.",,,GRE|GMAT|IELTS,false,false
Intransigent,,adjective,Unwilling to change one's mind or course of action.,"In the ""Stubborn (−)"" word cluster, intransigent helps you spot synonyms on test day.",,,GRE|GMAT|IELTS,false,false
Intrepid,,word,Showing courage or bravery in the face of difficulty.,"She underlined intrepid while reviewing the ""Brave"" group in her notes.",,,GRE|GMAT|IELTS,false,false
Intrigue,,word,A vocabulary term from the group: Puzzling.,"She underlined intrigue while reviewing the ""Puzzling"" group in her notes.",,,GRE|GMAT|IELTS,false,false
Intrinsic,,adjective,Describing something related to: Inborn / firmly fixed.,"She underlined intrinsic while reviewing the ""Inborn / firmly fixed"" group in her notes.",,,GRE|GMAT|IELTS,false,false
Introspect,,word,A vocabulary term from the group: To think deeply.,"She underlined introspect while reviewing the ""To think deeply"" group in her notes.",,,GRE|GMAT|IELTS,false,false
Intrude,,word,A vocabulary term from the group: Enter without permission.,"She underlined intrude while reviewing the ""Enter without permission"" group in her notes.",,,GRE|GMAT|IELTS,false,false
Inundate,,verb,To act in a way related to the idea of: Excess.,"In the ""Excess"" word cluster, inundate helps you spot synonyms on test day.",,,GRE|GMAT|IELTS,false,false
Inure,,noun,"A person, thing, or quality related to: Used to.","She underlined inure while reviewing the ""Used to"" group in her notes.",,,GRE|GMAT|IELTS,false,false
Invective,/ɪnˈvek.tɪv/,noun,Insulting or abusive language.,The passage defines invective as insulting or abusive language.,"abuse,denunciation","praise,flattery",GRE,true,false
Inveterate,/ɪnˈvet.ər.ət/,adjective,Having a habit unlikely to change.,The twins chose inveterate career paths despite growing up in the same town.,"habitual,chronic","occasional,infrequent",GRE,true,false
Invigorating,,word,A vocabulary term from the group: Energizing.,"She underlined invigorating while reviewing the ""Energizing"" group in her notes.",,,GRE|GMAT|IELTS,false,false
Invincible,,adjective,Describing something related to: Cannot be defeated.,"She underlined invincible while reviewing the ""Cannot be defeated"" group in her notes.",,,GRE|GMAT|IELTS,false,false
Involved,,word,A vocabulary term from the group: Having twists / turns / complex.,The coach took a moment to involved the team for its hard work.,,,GRE|GMAT|IELTS,false,false
Irascible,/ɪˈræs.ɪ.bəl/,adjective,Having a tendency to be angry.,"Critics called the proposal irascible, noting that it was having a tendency to be angry.","irritable,testy","calm,placid",GRE,true,false
Irate,,verb,Make someone angry or irritated.,The unfair ruling left the crowd irate and restless.,,,GRE|GMAT|IELTS,false,false
Ire,,word,"Full of anger, rage, or irritation.",The unfair ruling left the crowd ire and restless.,,,GRE|GMAT|IELTS,false,false
Irksome,,adjective,"Full of anger, rage, or irritation.",Her irksome reply showed she would not accept the excuse.,,,GRE|GMAT|IELTS,false,false
Ironic,,adjective,Describing something related to: Contradict itself.,"In the ""Contradict itself"" word cluster, ironic helps you spot synonyms on test day.",,,GRE|GMAT|IELTS,false,false
Irony,,adjective,Describing something related to: Contradict itself.,"She underlined irony while reviewing the ""Contradict itself"" group in her notes.",,,GRE|GMAT|IELTS,false,false
Irreconcilable,,adjective,Describing something related to: Agreement / harmony.,"In the ""Agreement / harmony"" word cluster, irreconcilable helps you spot synonyms on test day.",,opposite cluster,GRE|GMAT|IELTS,false,false
Irrefutable,,adjective,Describing something related to: To prove false / to disprove.,"She underlined irrefutable while reviewing the ""To prove false / to disprove"" group in her notes.",,opposite cluster,GRE|GMAT|IELTS,false,false
Irreproachable,,adjective,Describing something related to: Immoral.,"She underlined irreproachable while reviewing the ""Immoral"" group in her notes.",,opposite cluster,GRE|GMAT|IELTS,false,false
Irresolute,,word,A vocabulary term from the group: Fickle / fluctuating.,"In the ""Fickle / fluctuating"" word cluster, irresolute helps you spot synonyms on test day.",,,GRE|GMAT|IELTS,false,false
Jaded,,word,A vocabulary term from the group: Lacking energy / lazy (−).,"In the ""Lacking energy / lazy (−)"" word cluster, jaded helps you spot synonyms on test day.",,,GRE|GMAT|IELTS,false,false
Jeopardy,,adjective,Describing something related to: Danger.,"In the ""Danger"" word cluster, jeopardy helps you spot synonyms on test day.",,,GRE|GMAT|IELTS,false,false
Jovial,,adjective,"Full of happiness, joy, or delight.",The jovial mood in the hall lifted after the good news.,,,GRE|GMAT|IELTS,false,false
Judicious,,adjective,Describing something related to: Intelligent / wise.,Only a judicious reader would miss the irony in that paragraph.,,,GRE|GMAT|IELTS,false,false
Justifiable,,adjective,Describing something related to: Proven to be right.,"In the ""Proven to be right"" word cluster, justifiable helps you spot synonyms on test day.",,,GRE|GMAT|IELTS,false,false
Juxtaposition,,noun,"A person, thing, or quality related to: Place side by side.","She underlined juxtaposition while reviewing the ""Place side by side"" group in her notes.",,,GRE|GMAT|IELTS,false,false
Kindle,,word,A vocabulary term from the group: Activate / speed up.,"She underlined kindle while reviewing the ""Activate / speed up"" group in her notes.",,,GRE|GMAT|IELTS,false,false
Kindred,,word,"Full of happiness, joy, or delight.",A kindred crowd gathered outside the theater on opening night.,,,GRE|GMAT|IELTS,false,false
Laborious,,adjective,Describing something related to: Difficult.,"In the ""Difficult"" word cluster, laborious helps you spot synonyms on test day.",,,GRE|GMAT|IELTS,false,false
Lackadaisical,,adjective,Describing something related to: Lacking energy / lazy (−).,"In the ""Lacking energy / lazy (−)"" word cluster, lackadaisical helps you spot synonyms on test day.",,,GRE|GMAT|IELTS,false,false
Lackluster,,word,A vocabulary term from the group: Lacking energy / lazy (−).,"In the ""Lacking energy / lazy (−)"" word cluster, lackluster helps you spot synonyms on test day.",,,GRE|GMAT|IELTS,false,false
Lament,,noun,"Marked by sadness, sorrow, or grief.",The poem captured a lament mood without becoming sentimental.,,,GRE|GMAT|IELTS,false,false
Languid,/ˈlæŋ.ɡwɪd/,adjective,Slow and relaxed.,"In context, the word languid means slow and relaxed.","lethargic,listless","energetic,vigorous",GRE,true,false
Lassitude,,word,A vocabulary term from the group: Lacking energy / lazy (−).,"In the ""Lacking energy / lazy (−)"" word cluster, lassitude helps you spot synonyms on test day.",,,GRE|GMAT|IELTS,false,false
Latitude,,word,At the final stage; concluding.,"In the ""Independence / freedom"" word cluster, latitude helps you spot synonyms on test day.",,,GRE|GMAT|IELTS,false,false
Laud,,word,Expressing praise or admiration.,The coach took a moment to laud the team for its hard work.,,,GRE|GMAT|IELTS,false,false
Lax,,word,A vocabulary term from the group: Careless.,The medicine did little to lax her anxiety before the exam.,,,GRE|GMAT|IELTS,false,false
Layperson,,word,A vocabulary term from the group: Expert.,"She underlined layperson while reviewing the ""Expert"" group in her notes.",,opposite cluster,GRE|GMAT|IELTS,false,false
Legitimate,,verb,Intended to mislead or deceive.,"She underlined legitimate while reviewing the ""Fake / deceptive"" group in her notes.",,opposite cluster,GRE|GMAT|IELTS,false,false
Lethargic,/ləˈθɑː.dʒɪk/,adjective,Sluggish and apathetic.,"In context, the word lethargic means sluggish and apathetic.","sluggish,torpid","energetic,active",GRE,true,false
Levity,/ˈlev.ə.ti/,noun,Humor or frivolity.,Understanding the levity helps you grasp the author's argument.,"frivolity,lightness","seriousness,gravity",GRE,true,false
Linger,,word,A vocabulary term from the group: Be slow / waste time.,"She underlined linger while reviewing the ""Be slow / waste time"" group in her notes.",,,GRE|GMAT|IELTS,false,false
Lionize,,verb,Express strong approval or admiration.,The coach took a moment to lionize the team for its hard work.,,,GRE|GMAT|IELTS,false,false
Listless,,adjective,Describing something related to: Lacking energy / lazy (−).,"She underlined listless while reviewing the ""Lacking energy / lazy (−)"" group in her notes.",,,GRE|GMAT|IELTS,false,false
Lithe,,word,Willing or able to change or adapt easily.,"In the ""Flexible"" word cluster, lithe helps you spot synonyms on test day.",,,GRE|GMAT|IELTS,false,false
Litigious,,adjective,Describing something related to: Aggressive / argumentative.,"She underlined litigious while reviewing the ""Aggressive / argumentative"" group in her notes.",,,GRE|GMAT|IELTS,false,false
Livid,,word,"Full of anger, rage, or irritation.",The unfair ruling left the crowd livid and restless.,,,GRE|GMAT|IELTS,false,false
Loathe,,word,A vocabulary term from the group: Hate.,"She underlined loathe while reviewing the ""Hate"" group in her notes.",,,GRE|GMAT|IELTS,false,false
Lobbyist,,word,A vocabulary term from the group: Supporter / x enemy.,"In the ""Supporter / x enemy"" word cluster, lobbyist helps you spot synonyms on test day.",,,GRE|GMAT|IELTS,false,false
Long-Winded,,word,A vocabulary term from the group: Talkative / lots of words · –.,A good tutor knows when to long-winded and when to let students think.,,,GRE|GMAT|IELTS,false,false
Loquacious,/loʊˈkweɪ.ʃəs/,adjective,Tending to talk a great deal.,The loquacious speaker left little time for questions from the audience.,"verbose,garrulous","taciturn,reticent",GRE|IELTS,false,false
Lucid,/ˈluː.sɪd/,adjective,Expressed clearly; easy to understand.,The professor gave an lucid explanation that even beginners could follow.,"clear,coherent","confusing,unclear",GRE,true,false
Lucrative,,adjective,Describing something related to: Profitable.,"She underlined lucrative while reviewing the ""Profitable"" group in her notes.",,,GRE|GMAT|IELTS,false,false
Ludicrous,,adjective,Describing something related to: Illogical / strange.,"In the ""Illogical / strange"" word cluster, ludicrous helps you spot synonyms on test day.",,,GRE|GMAT|IELTS,false,false
Lull,,word,"A temporary pause, break, or gap in continuity.","She underlined lull while reviewing the ""Interval / pause"" group in her notes.",,,GRE|GMAT|IELTS,false,false
Luminary,,adjective,Describing something related to: Famous / superior.,"She underlined luminary while reviewing the ""Famous / superior"" group in her notes.",,,GRE|GMAT|IELTS,false,false
Luminous,/ˈluː.mɪ.nəs/,adjective,Full of light; bright.,The situation seemed luminous to anyone who read the full report.,"radiant,glowing","dim,dark",GRE,true,false
Lure,,noun,"A person, thing, or quality related to: Tempt (−).","In the ""Tempt (−)"" word cluster, lure helps you spot synonyms on test day.",,,GRE|GMAT|IELTS,false,false
Lurid,,word,A vocabulary term from the group: Offensive / lusty.,"In the ""Offensive / lusty"" word cluster, lurid helps you spot synonyms on test day.",,,GRE|GMAT|IELTS,false,false
Lustrous,,adjective,Describing something related to: Shining.,"She underlined lustrous while reviewing the ""Shining"" group in her notes.",,,GRE|GMAT|IELTS,false,false
Magnanimous,/mæɡˈnæn.ɪ.məs/,adjective,Generous in forgiving.,"Neighbors described her as magnanimous, always ready to help newcomers settle in.","noble,forgiving","petty,vindictive",GRE,true,false
Magnify,,adjective,"Greater in size, amount, or intensity.",Demand began to magnify after the product launch went viral.,,,GRE|GMAT|IELTS,false,false
Makeshift,,word,A vocabulary term from the group: Substitute.,"In the ""Substitute"" word cluster, makeshift helps you spot synonyms on test day.",,,GRE|GMAT|IELTS,false,false
Maladroit,,word,A vocabulary term from the group: Skillful.,"She underlined maladroit while reviewing the ""Skillful"" group in her notes.",,opposite cluster,GRE|GMAT|IELTS,false,false
Malevolence,,noun,"A person, thing, or quality related to: Bitter feelings / ill-will.","She underlined malevolence while reviewing the ""Bitter feelings / ill-will"" group in her notes.",,,GRE|GMAT|IELTS,false,false
Malfeasance,,noun,"A person, thing, or quality related to: Improper / inapropriate behaviour.","In the ""Improper / inapropriate behaviour"" word cluster, malfeasance helps you spot synonyms on test day.",,,GRE|GMAT|IELTS,false,false
Malice,,word,A vocabulary term from the group: Bitter feelings / ill-will.,"She underlined malice while reviewing the ""Bitter feelings / ill-will"" group in her notes.",,,GRE|GMAT|IELTS,false,false
Malign,,word,A vocabulary term from the group: Accuse / defame.,"In the ""Accuse / defame"" word cluster, malign helps you spot synonyms on test day.",,,GRE|GMAT|IELTS,false,false
Malignant,,adjective,Describing something related to: Harmful / curse.,"She underlined malignant while reviewing the ""Harmful / curse"" group in her notes.",,,GRE|GMAT|IELTS,false,false
Malinger,,word,A vocabulary term from the group: Be slow / waste time.,"She underlined malinger while reviewing the ""Be slow / waste time"" group in her notes.",,,GRE|GMAT|IELTS,false,false
Malleable,/ˈmæl.i.ə.bəl/,adjective,Easily influenced.,"In context, the word malleable means easily influenced.","pliable,impressionable","rigid,inflexible",GRE|GMAT,true,false
Manacle,,word,A vocabulary term from the group: Restrain / x set free.,"She underlined manacle while reviewing the ""Restrain / x set free"" group in her notes.",,,GRE|GMAT|IELTS,false,false
Mandate,,verb,To act in a way related to the idea of: Rule / principle / law.,"In the ""Rule / principle / law"" word cluster, mandate helps you spot synonyms on test day.",,,GRE|GMAT|IELTS,false,false
Mandatory,,adjective,A sign or warning of future events.,Dark headlines gave an mandatory picture of what lay ahead for the economy.,,,GRE|GMAT|IELTS,false,false
Mannered,,word,A vocabulary term from the group: Artificial / pretense.,"In the ""Artificial / pretense"" word cluster, mannered helps you spot synonyms on test day.",,,GRE|GMAT|IELTS,false,false
Marginal,,adjective,A sign or warning of future events.,The marginal clouds suggested a storm was approaching fast.,,,GRE|GMAT|IELTS,false,false
Marginalization,,noun,"A person, thing, or quality related to: Unimportant / trivial.","She underlined marginalization while reviewing the ""Unimportant / trivial"" group in her notes.",,,GRE|GMAT|IELTS,false,false
Mask,,word,A vocabulary term from the group: Hide / cover / disguise.,"In the ""Hide / cover / disguise"" word cluster, mask helps you spot synonyms on test day.",,,GRE|GMAT|IELTS,false,false
Maverick,/ˈmæv.ər.ɪk/,noun,An unorthodox person.,The maverick in the story refused to follow the crowd without question.,"nonconformist,rebel","conformist,traditionalist",GRE|GMAT,true,false
Meager,,word,A vocabulary term from the group: Very less (−).,The medicine did little to meager her anxiety before the exam.,,,GRE|GMAT|IELTS,false,false
Meander,,word,A vocabulary term from the group: Having twists / turns / complex.,The coach took a moment to meander the team for its hard work.,,,GRE|GMAT|IELTS,false,false
Melancholy,,adjective,"Marked by sadness, sorrow, or grief.",Rain against the window added to the melancholy atmosphere of the scene.,,,GRE|GMAT|IELTS,false,false
Meld,,word,A vocabulary term from the group: Combine.,"In the ""Combine"" word cluster, meld helps you spot synonyms on test day.",,,GRE|GMAT|IELTS,false,false
Mellifluous,,adjective,Describing something related to: Pleasant sounding.,"She underlined mellifluous while reviewing the ""Pleasant sounding"" group in her notes.",,,GRE|GMAT|IELTS,false,false
Melodious,,adjective,Describing something related to: Pleasant sounding.,"She underlined melodious while reviewing the ""Pleasant sounding"" group in her notes.",,,GRE|GMAT|IELTS,false,false
Menace,,word,"A temporary pause, break, or gap in continuity.","She underlined menace while reviewing the ""Criminals / law-breaker"" group in her notes.",,,GRE|GMAT|IELTS,false,false
Mendacity,,noun,"A person, thing, or quality related to: Falsehood.","In the ""Falsehood"" word cluster, mendacity helps you spot synonyms on test day.",,,GRE|GMAT|IELTS,false,false
Mercurial,,adjective,Describing something related to: Fickle / fluctuating.,"In the ""Fickle / fluctuating"" word cluster, mercurial helps you spot synonyms on test day.",,,GRE|GMAT|IELTS,false,false
Mesmerize,,verb,To act in a way related to the idea of: Attract / fascinate.,"She underlined mesmerize while reviewing the ""Attract / fascinate"" group in her notes.",,,GRE|GMAT|IELTS,false,false
Meticulous,/məˈtɪk.jə.ləs/,adjective,Showing great attention to detail.,"Critics called the proposal meticulous, noting that it was showing great attention to detail.","careful,precise","careless,sloppy",GRE|IELTS,true,false
Migrate,,verb,To act in a way related to the idea of: Farewell / to go away*.,"She underlined migrate while reviewing the ""Farewell / to go away*"" group in her notes.",,,GRE|GMAT|IELTS,false,false
Mimic,,adjective,Describing something related to: Imitate / * comic imitation.,"She underlined mimic while reviewing the ""Imitate / * comic imitation"" group in her notes.",,,GRE|GMAT|IELTS,false,false
Minuscule,,word,A vocabulary term from the group: Small.,"She underlined minuscule while reviewing the ""Small"" group in her notes.",,,GRE|GMAT|IELTS,false,false
Minute,,word,A sign or warning of future events.,Dark headlines gave an minute picture of what lay ahead for the economy.,,,GRE|GMAT|IELTS,false,false
Misconstrued,,word,A vocabulary term from the group: Understand.,"In the ""Understand"" word cluster, misconstrued helps you spot synonyms on test day.",,opposite cluster,GRE|GMAT|IELTS,false,false
Miscreant,,adjective,"A temporary pause, break, or gap in continuity.","In the ""Criminals / law-breaker"" word cluster, miscreant helps you spot synonyms on test day.",,,GRE|GMAT|IELTS,false,false
Miserly,,adjective,At the final stage; concluding.,The mentor offered miserly advice that changed her study habits.,,,GRE|GMAT|IELTS,false,false
Misgivings,,word,A vocabulary term from the group: Hesitate on moral grounds.,"In the ""Hesitate on moral grounds"" word cluster, misgivings helps you spot synonyms on test day.",,,GRE|GMAT|IELTS,false,false
Mishap,,word,A vocabulary term from the group: Pain / suffering.,"In the ""Pain / suffering"" word cluster, mishap helps you spot synonyms on test day.",,,GRE|GMAT|IELTS,false,false
Mislead,,verb,To act in a way related to the idea of: Cheat / deceive.,"She underlined mislead while reviewing the ""Cheat / deceive"" group in her notes.",,,GRE|GMAT|IELTS,false,false
Misnomer,,word,A vocabulary term from the group: Mistake / act done carelessly.,Cooler weather helped misnomer the swelling in his ankle.,,,GRE|GMAT|IELTS,false,false
Mitigate,/ˈmɪt.ɪ.ɡeɪt/,verb,Make less severe or serious.,Leaders met to decide how best to mitigate the dispute.,"alleviate,reduce","aggravate,worsen",GRE|GMAT,true,false
Moderate,,verb,To act in a way related to the idea of: Self control.,"She underlined moderate while reviewing the ""Self control"" group in her notes.",,,GRE|GMAT|IELTS,false,false
Modicum,/ˈmɒd.ɪ.kəm/,noun,A small quantity of something.,The essay turned on the modicum introduced in the opening paragraph.,"bit,trace","abundance,lot",GRE,true,false
Mollify,,adjective,Describing something related to: Calm down · + / to make less worse.,The medicine did little to mollify her anxiety before the exam.,,,GRE|GMAT|IELTS,false,false
Momentous,,adjective,A sign or warning of future events.,The momentous clouds suggested a storm was approaching fast.,,,GRE|GMAT|IELTS,false,false
Monolithic,,adjective,Describing something related to: Huge / big.,"In the ""Huge / big"" word cluster, monolithic helps you spot synonyms on test day.",,,GRE|GMAT|IELTS,false,false
Monotonous,,adjective,Describing something related to: Repetitious thus boring.,"She underlined monotonous while reviewing the ""Repetitious thus boring"" group in her notes.",,,GRE|GMAT|IELTS,false,false
Monstrous,,adjective,Describing something related to: Horrifying / shocking.,"In the ""Horrifying / shocking"" word cluster, monstrous helps you spot synonyms on test day.",,,GRE|GMAT|IELTS,false,false
Monumental,,adjective,Describing something related to: Huge / big.,"In the ""Huge / big"" word cluster, monumental helps you spot synonyms on test day.",,,GRE|GMAT|IELTS,false,false
Morbid,,word,A vocabulary term from the group: Horrifying / shocking.,"She underlined morbid while reviewing the ""Horrifying / shocking"" group in her notes.",,,GRE|GMAT|IELTS,false,false
Mortify,,adjective,Feeling embarrassed or self-conscious.,"In the ""Embarrass"" word cluster, mortify helps you spot synonyms on test day.",,,GRE|GMAT|IELTS,false,false
Mounting,,word,"Greater in size, amount, or intensity.",Demand began to mounting after the product launch went viral.,,,GRE|GMAT|IELTS,false,false
Mull,,word,A vocabulary term from the group: To think deeply.,"In the ""To think deeply"" word cluster, mull helps you spot synonyms on test day.",,,GRE|GMAT|IELTS,false,false
Multifaceted,,word,A vocabulary term from the group: Variety / varied.,"She underlined multifaceted while reviewing the ""Variety / varied"" group in her notes.",,,GRE|GMAT|IELTS,false,false
Multifarious,,adjective,Describing something related to: Variety / varied.,"In the ""Variety / varied"" word cluster, multifarious helps you spot synonyms on test day.",,,GRE|GMAT|IELTS,false,false
Mundane,/mʌnˈdeɪn/,adjective,Lacking interest; ordinary.,"Critics called the proposal mundane, noting that it was lacking interest; ordinary.","ordinary,routine","extraordinary,exciting",GRE,true,false
Munificent,,adjective,Willing to give or share freely; kind and generous.,The tale warns against munificent when success finally arrives.,,,GRE|GMAT|IELTS,false,false
Murky,,adjective,Describing something related to: Unclear / hazy.,"In the ""Unclear / hazy"" word cluster, murky helps you spot synonyms on test day.",,,GRE|GMAT|IELTS,false,false
Myopic,,adjective,Describing something related to: Narrow minded / regional.,"She underlined myopic while reviewing the ""Narrow minded / regional"" group in her notes.",,,GRE|GMAT|IELTS,false,false
Myriad,/ˈmɪr.i.əd/,noun,A countless or extremely great number.,The passage defines myriad as a countless or extremely great number.,"multitude,host","few,handful",GRE|GMAT,true,false
Mystical,,adjective,Describing something related to: Difficult to understand (−).,"In the ""Difficult to understand (−)"" word cluster, mystical helps you spot synonyms on test day.",,,GRE|GMAT|IELTS,false,false
Na,,word,A vocabulary term from the group: Easily fooled / innocent.,Only a na reader would miss the irony in that paragraph.,,,GRE|GMAT|IELTS,false,false
Narcissitic,,adjective,Describing something related to: Overly proud (−).,"In the ""Overly proud (−)"" word cluster, narcissitic helps you spot synonyms on test day.",,,GRE|GMAT|IELTS,false,false
Narrative,,adjective,Describing something related to: Story.,"In the ""Story"" word cluster, narrative helps you spot synonyms on test day.",,,GRE|GMAT|IELTS,false,false
Nascent,,adjective,At the beginning; initial.,"In the ""Just beginning or developing"" word cluster, nascent helps you spot synonyms on test day.",,,GRE|GMAT|IELTS,false,false
Nebulous,,adjective,Describing something related to: Unclear / hazy.,"She underlined nebulous while reviewing the ""Unclear / hazy"" group in her notes.",,,GRE|GMAT|IELTS,false,false
Negligent,/ˈneɡ.lɪ.dʒənt/,adjective,Failing to take proper care.,The situation seemed negligent to anyone who read the full report.,"careless,remiss","careful,diligent",GRE,true,false
Negligible,,adjective,A sign or warning of future events.,The negligible clouds suggested a storm was approaching fast.,,,GRE|GMAT|IELTS,false,false
Nemesis,,word,A vocabulary term from the group: Supporter / x enemy.,"In the ""Supporter / x enemy"" word cluster, nemesis helps you spot synonyms on test day.",,opposite cluster,GRE|GMAT|IELTS,false,false
Nexus,,word,A vocabulary term from the group: Separate / x connected.,"She underlined nexus while reviewing the ""Separate / x connected"" group in her notes.",,opposite cluster,GRE|GMAT|IELTS,false,false
Nice,,word,A vocabulary term from the group: Fussy / hard to please (−).,"She underlined nice while reviewing the ""Fussy / hard to please (−)"" group in her notes.",,,GRE|GMAT|IELTS,false,false
Nominal,,adjective,"Having great strength, power, or force.","In the ""Without real power"" word cluster, nominal helps you spot synonyms on test day.",,,GRE|GMAT|IELTS,false,false
Nonchalant,/ˈnɒn.ʃə.lɒnt/,adjective,Feeling casually calm.,The situation seemed nonchalant to anyone who read the full report.,"casual,unconcerned","anxious,concerned",GRE,true,false
Nonconformist,,word,A vocabulary term from the group: Rebellious / unconventional.,"She underlined nonconformist while reviewing the ""Rebellious / unconventional"" group in her notes.",,,GRE|GMAT|IELTS,false,false
Nonplussed,,word,Confused or bewildered.,"She underlined nonplussed while reviewing the ""Confused / taken aback"" group in her notes.",,,GRE|GMAT|IELTS,false,false
Nostalgia,,word,A vocabulary term from the group: Remembering the past.,"In the ""Remembering the past"" word cluster, nostalgia helps you spot synonyms on test day.",,,GRE|GMAT|IELTS,false,false
Notorious,,adjective,Describing something related to: Disrepute / bad reputation.,"In the ""Disrepute / bad reputation"" word cluster, notorious helps you spot synonyms on test day.",,,GRE|GMAT|IELTS,false,false
Novel,,word,At the beginning; initial.,"In the ""Beginner / inexperienced"" word cluster, novel helps you spot synonyms on test day.",,,GRE|GMAT|IELTS,false,false
Novice,/ˈnɒv.ɪs/,noun,A person new to a field.,The novice in the story refused to follow the crowd without question.,"beginner,tyro","expert,master",GRE|IELTS,true,false
Noxious,,adjective,Describing something related to: Impure / poisonous.,"She underlined noxious while reviewing the ""Impure / poisonous"" group in her notes.",,,GRE|GMAT|IELTS,false,false
Nuances,,word,A vocabulary term from the group: Minor differences.,"She underlined nuances while reviewing the ""Minor differences"" group in her notes.",,,GRE|GMAT|IELTS,false,false
Null,,word,A vocabulary term from the group: Cancel / take back.,"She underlined null while reviewing the ""Cancel / take back"" group in her notes.",,,GRE|GMAT|IELTS,false,false
Obdurate,/ˈɒb.dʒər.ət/,adjective,Stubbornly refusing to change.,He remained obdurate even when new evidence contradicted his view.,"stubborn,inflexible","flexible,yielding",GRE,true,false
Obfuscate,/ˈɒb.fʌs.keɪt/,verb,Render unclear; deliberately confuse.,Editorials obfuscate the agency for failing to act sooner.,"obscure,muddy","clarify,elucidate",GRE|GMAT,false,false
Objectivity,,noun,"A person, thing, or quality related to: Unbiased / impartial.","In the ""Unbiased / impartial"" word cluster, objectivity helps you spot synonyms on test day.",,,GRE|GMAT|IELTS,false,false
Obligated,,word,A vocabulary term from the group: Thankful / bound*.,"She underlined obligated while reviewing the ""Thankful / bound*"" group in her notes.",,,GRE|GMAT|IELTS,false,false
Obliging,,word,A vocabulary term from the group: To do happily (+).,"She underlined obliging while reviewing the ""To do happily (+)"" group in her notes.",,,GRE|GMAT|IELTS,false,false
Obliterate,,verb,To act in a way related to the idea of: Remove / destroy.,"She underlined obliterate while reviewing the ""Remove / destroy"" group in her notes.",,,GRE|GMAT|IELTS,false,false
Oblivious,,adjective,Describing something related to: Aware / x unaware.,"In the ""Aware / x unaware"" word cluster, oblivious helps you spot synonyms on test day.",,opposite cluster,GRE|GMAT|IELTS,false,false
Obscene,,word,A vocabulary term from the group: Offensive / lusty.,"She underlined obscene while reviewing the ""Offensive / lusty"" group in her notes.",,,GRE|GMAT|IELTS,false,false
Obscure,,noun,"A person, thing, or quality related to: Difficult to understand (−).","She underlined obscure while reviewing the ""Difficult to understand (−)"" group in her notes.",,,GRE|GMAT|IELTS,false,false
Obsequious,/əbˈsiː.kwi.əs/,adjective,Obedient to an excessive degree.,"In context, the word obsequious means obedient to an excessive degree.","servile,sycophantic","assertive,dominant",GRE,true,false
Obsolete,,word,Belonging to an earlier time; old or outdated.,"She underlined obsolete while reviewing the ""Old fashioned / outdated"" group in her notes.",,,GRE|GMAT|IELTS,false,false
Obstinate,,verb,Unwilling to change one's mind or course of action.,"She underlined obstinate while reviewing the ""Stubborn (−)"" group in her notes.",,,GRE|GMAT|IELTS,false,false
Obstruct,,word,A vocabulary term from the group: Restrict / stop / prevent.,"In the ""Restrict / stop / prevent"" word cluster, obstruct helps you spot synonyms on test day.",,,GRE|GMAT|IELTS,false,false
Obtain,,verb,To act in a way related to the idea of: Recognized / established.,"She underlined obtain while reviewing the ""Recognized / established"" group in her notes.",,,GRE|GMAT|IELTS,false,false
Obtrude,,word,A vocabulary term from the group: Enter without permission.,"She underlined obtrude while reviewing the ""Enter without permission"" group in her notes.",,,GRE|GMAT|IELTS,false,false
Obviate,/ˈɒb.vi.eɪt/,verb,Remove a need or difficulty.,"In the passage, the author uses obviate to mean remove a need or difficulty.","preclude,prevent","necessitate,cause",GRE,true,false
Occasional,,adjective,Describing something related to: Irregular / periodically.,"In the ""Irregular / periodically"" word cluster, occasional helps you spot synonyms on test day.",,,GRE|GMAT|IELTS,false,false
Occlude,,word,A vocabulary term from the group: Restrict / stop / prevent.,"She underlined occlude while reviewing the ""Restrict / stop / prevent"" group in her notes.",,,GRE|GMAT|IELTS,false,false
Offhand,,word,A vocabulary term from the group: Planned / x spontaneous.,"In the ""Planned / x spontaneous"" word cluster, offhand helps you spot synonyms on test day.",,opposite cluster,GRE|GMAT|IELTS,false,false
Officious,,adjective,Describing something related to: Over concern / helpful.,"She underlined officious while reviewing the ""Over concern / helpful"" group in her notes.",,,GRE|GMAT|IELTS,false,false
Ominous,,adjective,A sign or warning of future events.,The ominous clouds suggested a storm was approaching fast.,,,GRE|GMAT|IELTS,false,false
Omnipresent,,adjective,Describing something related to: Present everywhere.,Her omnipresent reply showed she would not accept the excuse.,,,GRE|GMAT|IELTS,false,false
Omniscience,,noun,"A person, thing, or quality related to: Intelligent / wise.",Only a omniscience reader would miss the irony in that paragraph.,,,GRE|GMAT|IELTS,false,false
Onerous,/ˈəʊ.nər.əs/,adjective,Involving great effort.,The situation seemed onerous to anyone who read the full report.,"burdensome,arduous","easy,effortless",GRE,true,false
Onset,,word,At the final stage; concluding.,"She underlined onset while reviewing the ""End / stop"" group in her notes.",,opposite cluster,GRE|GMAT|IELTS,false,false
Opaque,,word,A vocabulary term from the group: Difficult to understand (−).,"She underlined opaque while reviewing the ""Difficult to understand (−)"" group in her notes.",,,GRE|GMAT|IELTS,false,false
Opponent,,adjective,Describing something related to: Supporter / x enemy.,"She underlined opponent while reviewing the ""Supporter / x enemy"" group in her notes.",,opposite cluster,GRE|GMAT|IELTS,false,false
Opportune,,word,A vocabulary term from the group: Lucky / x unlucky.,"In the ""Lucky / x unlucky"" word cluster, opportune helps you spot synonyms on test day.",,,GRE|GMAT|IELTS,false,false
Opportunism,,noun,"A person, thing, or quality related to: Competitiveness.","In the ""Competitiveness"" word cluster, opportunism helps you spot synonyms on test day.",,,GRE|GMAT|IELTS,false,false
Opprobrium,/əˈprəʊ.bri.əm/,noun,Harsh criticism or censure.,Understanding the opprobrium helps you grasp the author's argument.,"disgrace,infamy","praise,honor",GRE,true,false
Opulent,,adjective,Describing something related to: Wealthy.,"She underlined opulent while reviewing the ""Wealthy"" group in her notes.",,,GRE|GMAT|IELTS,false,false
Ordeals,,word,A vocabulary term from the group: Pain / suffering.,"In the ""Pain / suffering"" word cluster, ordeals helps you spot synonyms on test day.",,,GRE|GMAT|IELTS,false,false
Ornate,,verb,To act in a way related to the idea of: Attractive / decorative.,"She underlined ornate while reviewing the ""Attractive / decorative"" group in her notes.",,,GRE|GMAT|IELTS,false,false
Orthodox,,word,A vocabulary term from the group: Rebellious / unconventional.,"She underlined orthodox while reviewing the ""Rebellious / unconventional"" group in her notes.",,opposite cluster,GRE|GMAT|IELTS,false,false
Oscillate,/ˈɒs.ɪ.leɪt/,verb,Move back and forth.,Leaders met to decide how best to oscillate the dispute.,"fluctuate,vacillate","stabilize,steady",GRE,true,false
Ostentatious,/ˌɒs.tenˈteɪ.ʃəs/,adjective,Characterized by showy display.,The situation seemed ostentatious to anyone who read the full report.,"flamboyant,pretentious","modest,understated",GRE,true,false
Ostracize,,verb,To act in a way related to the idea of: Exclude / forbid.,"In the ""Exclude / forbid"" word cluster, ostracize helps you spot synonyms on test day.",,,GRE|GMAT|IELTS,false,false
Outlandish,,adjective,Describing something related to: Illogical / strange.,"She underlined outlandish while reviewing the ""Illogical / strange"" group in her notes.",,,GRE|GMAT|IELTS,false,false
Outline,,adjective,Describing something related to: To define / describe.,"In the ""To define / describe"" word cluster, outline helps you spot synonyms on test day.",,,GRE|GMAT|IELTS,false,false
Outmoded,,word,Belonging to an earlier time; old or outdated.,"She underlined outmoded while reviewing the ""Old fashioned / outdated"" group in her notes.",,,GRE|GMAT|IELTS,false,false
Outstrip,,word,A vocabulary term from the group: To rise beyond.,Scholars watched the debate outstrip into new areas of policy.,,,GRE|GMAT|IELTS,false,false
Overt,,word,A vocabulary term from the group: Secret (−).,"In the ""Secret (−)"" word cluster, overt helps you spot synonyms on test day.",,opposite cluster,GRE|GMAT|IELTS,false,false
Pacify,,adjective,Describing something related to: Calm down · + / to make less worse.,Officials hoped the treaty would pacify tensions along the border.,,,GRE|GMAT|IELTS,false,false
Painstaking,,word,A vocabulary term from the group: Hard working (+).,"She underlined painstaking while reviewing the ""Hard working (+)"" group in her notes.",,,GRE|GMAT|IELTS,false,false
Pairing,,word,A vocabulary term from the group: Combine.,"In the ""Combine"" word cluster, pairing helps you spot synonyms on test day.",,,GRE|GMAT|IELTS,false,false
Panacea,,word,A vocabulary term from the group: Cure.,"She underlined panacea while reviewing the ""Cure"" group in her notes.",,,GRE|GMAT|IELTS,false,false
Panache,,word,A vocabulary term from the group: Show - off (−).,"In the ""Show - off (−)"" word cluster, panache helps you spot synonyms on test day.",,,GRE|GMAT|IELTS,false,false
Pandemic,,adjective,Describing something related to: Widespread · –.,"She underlined pandemic while reviewing the ""Widespread · –"" group in her notes.",,,GRE|GMAT|IELTS,false,false
Pandemonium,,word,Confused or bewildered.,"She underlined pandemonium while reviewing the ""Chaos / confusion"" group in her notes.",,,GRE|GMAT|IELTS,false,false
Paradigm,,word,A vocabulary term from the group: Best example.,"She underlined paradigm while reviewing the ""Best example"" group in her notes.",,,GRE|GMAT|IELTS,false,false
Paradox,,word,A vocabulary term from the group: Contradict itself.,"She underlined paradox while reviewing the ""Contradict itself"" group in her notes.",,,GRE|GMAT|IELTS,false,false
Paragon,/ˈpær.ə.ɡən/,noun,A person or thing regarded as perfect.,The paragon in the story refused to follow the crowd without question.,"model,ideal","flaw,imperfection",GRE,true,false
Parity,,noun,"A person, thing, or quality related to: Equality.",The policy aimed to keep opportunities parity for every applicant.,,,GRE|GMAT|IELTS,false,false
Parochial,,adjective,Describing something related to: Narrow minded / regional.,"She underlined parochial while reviewing the ""Narrow minded / regional"" group in her notes.",,,GRE|GMAT|IELTS,false,false
Parsimonious,/ˌpɑː.sɪˈməʊ.ni.əs/,adjective,Unwilling to spend money.,"In context, the word parsimonious means unwilling to spend money.","stingy,frugal","generous,lavish",GRE,true,false
Parting,,word,A vocabulary term from the group: Farewell / to go away*.,"She underlined parting while reviewing the ""Farewell / to go away*"" group in her notes.",,,GRE|GMAT|IELTS,false,false
Partisan,,word,A vocabulary term from the group: Biased / partial.,"In the ""Biased / partial"" word cluster, partisan helps you spot synonyms on test day.",,,GRE|GMAT|IELTS,false,false
Pastiche,,word,A vocabulary term from the group: Variety / varied.,"She underlined pastiche while reviewing the ""Variety / varied"" group in her notes.",,,GRE|GMAT|IELTS,false,false
Pastoral,,adjective,Describing something related to: Village-like.,"In the ""Village-like"" word cluster, pastoral helps you spot synonyms on test day.",,,GRE|GMAT|IELTS,false,false
Patent,,adjective,Describing something related to: Easily noticeable.,"In the ""Easily noticeable"" word cluster, patent helps you spot synonyms on test day.",,,GRE|GMAT|IELTS,false,false
Pathos,,word,"Marked by sadness, sorrow, or grief.",Rain against the window added to the pathos atmosphere of the scene.,,,GRE|GMAT|IELTS,false,false
Patron,,word,Willing to give or share freely; kind and generous.,Her patron donation surprised a charity that expected far less.,,,GRE|GMAT|IELTS,false,false
Paucity,/ˈpɔː.sə.ti/,noun,The presence of something in small amount.,Understanding the paucity helps you grasp the author's argument.,"scarcity,dearth","abundance,surplus",GRE,true,false
Pedantic,/pɪˈdæn.tɪk/,adjective,Excessively concerned with minor rules.,The situation seemed pedantic to anyone who read the full report.,"nitpicking,bookish","informal,casual",GRE,true,false
Pedestrian,,word,A vocabulary term from the group: Ordinary / unoriginal (−).,"She underlined pedestrian while reviewing the ""Ordinary / unoriginal (−)"" group in her notes.",,,GRE|GMAT|IELTS,false,false
Peerless,,adjective,Describing something related to: Unmatched / unique.,"She underlined peerless while reviewing the ""Unmatched / unique"" group in her notes.",,,GRE|GMAT|IELTS,false,false
Peers,,word,A vocabulary term from the group: Equality.,Judges looked for peers treatment under the new regulations.,,,GRE|GMAT|IELTS,false,false
Peeve,,word,"Full of anger, rage, or irritation.",The unfair ruling left the crowd peeve and restless.,,,GRE|GMAT|IELTS,false,false
Pejorative,,adjective,Describing something related to: Insulting words.,"She underlined pejorative while reviewing the ""Insulting words"" group in her notes.",,,GRE|GMAT|IELTS,false,false
Pellucid,/pəˈluː.sɪd/,adjective,Translucently clear; easily understood.,The professor gave an pellucid explanation that even beginners could follow.,"lucid,transparent","opaque,murky",GRE,false,false
Penchant,/ˈpɒŋ.ʃɒŋ/,noun,A strong liking.,Understanding the penchant helps you grasp the author's argument.,"fondness,affinity","dislike,aversion",GRE,true,false
Penitent,,adjective,Describing something related to: Feeling guilty.,"She underlined penitent while reviewing the ""Feeling guilty"" group in her notes.",,,GRE|GMAT|IELTS,false,false
Pensive,,adjective,Describing something related to: About to happen.,"In the ""About to happen"" word cluster, pensive helps you spot synonyms on test day.",,,GRE|GMAT|IELTS,false,false
Perceive,,adjective,Describing something related to: To see.,"She underlined perceive while reviewing the ""To see"" group in her notes.",,,GRE|GMAT|IELTS,false,false
Perceptive,,adjective,Describing something related to: Intelligent / wise.,Only a perceptive reader would miss the irony in that paragraph.,,,GRE|GMAT|IELTS,false,false
Perennial,,adjective,At the final stage; concluding.,"In the ""Never ending / non stop"" word cluster, perennial helps you spot synonyms on test day.",,,GRE|GMAT|IELTS,false,false
Perfunctory,/pəˈfʌŋk.tər.i/,adjective,Carried out with minimal effort.,The situation seemed perfunctory to anyone who read the full report.,"cursory,superficial","thorough,careful",GRE,true,false
Peripheral,,adjective,Describing something related to: Unimportant / trivial.,"In the ""Unimportant / trivial"" word cluster, peripheral helps you spot synonyms on test day.",,,GRE|GMAT|IELTS,false,false
Perish,,adjective,Describing something related to: Remove / destroy.,"She underlined perish while reviewing the ""Remove / destroy"" group in her notes.",,,GRE|GMAT|IELTS,false,false
Perjury,,adjective,Describing something related to: Falsehood.,"She underlined perjury while reviewing the ""Falsehood"" group in her notes.",,,GRE|GMAT|IELTS,false,false
Pernicious,,adjective,Describing something related to: Harmful / curse.,"She underlined pernicious while reviewing the ""Harmful / curse"" group in her notes.",,,GRE|GMAT|IELTS,false,false
Perplex,,word,Confused or bewildered.,"In the ""Confused / taken aback"" word cluster, perplex helps you spot synonyms on test day.",,,GRE|GMAT|IELTS,false,false
Persevere,,word,At the final stage; concluding.,"She underlined persevere while reviewing the ""Resolute / determined (+)"" group in her notes.",,,GRE|GMAT|IELTS,false,false
Persistence,,noun,At the final stage; concluding.,"She underlined persistence while reviewing the ""Resolute / determined (+)"" group in her notes.",,,GRE|GMAT|IELTS,false,false
Personify,,adjective,Describing something related to: Best example.,"She underlined personify while reviewing the ""Best example"" group in her notes.",,,GRE|GMAT|IELTS,false,false
Perspicacious,,adjective,Describing something related to: Intelligent / wise.,Only a perspicacious reader would miss the irony in that paragraph.,,,GRE|GMAT|IELTS,false,false
Perspicuous,,adjective,Describing something related to: Difficult to understand (−).,"In the ""Difficult to understand (−)"" word cluster, perspicuous helps you spot synonyms on test day.",,opposite cluster,GRE|GMAT|IELTS,false,false
Pertinent,/ˈpɜː.tɪ.nənt/,adjective,Relevant to a particular matter.,"In context, the word pertinent means relevant to a particular matter.","relevant,applicable","irrelevant,immaterial",GRE|IELTS,true,false
Perturb,,word,A vocabulary term from the group: Disturbed / agitated.,"In the ""Disturbed / agitated"" word cluster, perturb helps you spot synonyms on test day.",,,GRE|GMAT|IELTS,false,false
Peruse,/pəˈruːz/,verb,Read thoroughly.,"In the passage, the author uses peruse to mean read thoroughly.","examine,scrutinize","skim,glance",GRE,true,false
Pervasive,/pəˈveɪ.sɪv/,adjective,Spreading widely throughout.,The situation seemed pervasive to anyone who read the full report.,"widespread,ubiquitous","limited,rare",GRE|GMAT,true,false
Perverse,,word,Unwilling to change one's mind or course of action.,"In the ""Stubborn (−)"" word cluster, perverse helps you spot synonyms on test day.",,,GRE|GMAT|IELTS,false,false
Petrify,,adjective,"Marked by fear, dread, or intimidation.",Even experienced climbers found the final ascent petrify in stormy weather.,,,GRE|GMAT|IELTS,false,false
Philanthropist,,word,Willing to give or share freely; kind and generous.,Her philanthropist donation surprised a charity that expected far less.,,,GRE|GMAT|IELTS,false,false
Phlegmatic,/fleɡˈmæt.ɪk/,adjective,Having an unemotional disposition.,The situation seemed phlegmatic to anyone who read the full report.,"calm,stoic","emotional,excitable",GRE,true,false
Phony,,adjective,Intended to mislead or deceive.,"In the ""Fake / deceptive"" word cluster, phony helps you spot synonyms on test day.",,,GRE|GMAT|IELTS,false,false
Physiological,,adjective,Describing something related to: Bodily.,"She underlined physiological while reviewing the ""Bodily"" group in her notes.",,,GRE|GMAT|IELTS,false,false
Pious,,adjective,Describing something related to: Disrespecting sacred things.,"In the ""Disrespecting sacred things"" word cluster, pious helps you spot synonyms on test day.",,opposite cluster,GRE|GMAT|IELTS,false,false
Pitfall,,word,A vocabulary term from the group: Danger.,"In the ""Danger"" word cluster, pitfall helps you spot synonyms on test day.",,,GRE|GMAT|IELTS,false,false
Pithy,,adjective,Describing something related to: Speak less / few words.,The witness remained pithy until the lawyer asked a direct question.,,,GRE|GMAT|IELTS,false,false
Pivotal,,adjective,A sign or warning of future events.,The situation seemed pivotal to anyone who read the full report.,,,GRE|GMAT|IELTS,false,false
Placate,/pləˈkeɪt/,verb,Make less angry.,The team hoped the policy would placate the problem over time.,"appease,pacify","provoke,anger",GRE,true,false
Placid,,word,Not alike; clearly different in nature or quality.,Urban and rural communities often have placid needs during a crisis.,,,GRE|GMAT|IELTS,false,false
Plagued,,word,A vocabulary term from the group: Troubled.,"In the ""Troubled"" word cluster, plagued helps you spot synonyms on test day.",,,GRE|GMAT|IELTS,false,false
Plastic,,adjective,Describing something related to: Accept / agree / give in.,"In the ""Accept / agree / give in"" word cluster, plastic helps you spot synonyms on test day.",,,GRE|GMAT|IELTS,false,false
Platitude,/ˈplæt.ɪ.tjuːd/,noun,A remark that is overused.,Her closing platitude reminded the audience why the issue mattered.,"cliche,truism","originality,novelty",GRE,true,false
Plausible,/ˈplɔː.zə.bəl/,adjective,Seeming reasonable or probable.,"In context, the word plausible means seeming reasonable or probable.","credible,believable","unlikely,implausible",GRE|GMAT,true,false
Plethora,/ˈpleθ.ər.ə/,noun,A large or excessive amount.,The passage defines plethora as a large or excessive amount.,"excess,surplus","scarcity,lack",GRE,true,false
Pliant,,adjective,Describing something related to: Accept / agree / give in.,"In the ""Accept / agree / give in"" word cluster, pliant helps you spot synonyms on test day.",,,GRE|GMAT|IELTS,false,false
Plod,,word,A vocabulary term from the group: Repetitious thus boring.,"She underlined plod while reviewing the ""Repetitious thus boring"" group in her notes.",,,GRE|GMAT|IELTS,false,false
Pluck,,word,Showing courage or bravery in the face of difficulty.,"She underlined pluck while reviewing the ""Brave"" group in her notes.",,,GRE|GMAT|IELTS,false,false
Poignant,,adjective,"Marked by sadness, sorrow, or grief.",Rain against the window added to the poignant atmosphere of the scene.,,,GRE|GMAT|IELTS,false,false
Polarize,,verb,To act in a way related to the idea of: Separate / x connected.,"In the ""Separate / x connected"" word cluster, polarize helps you spot synonyms on test day.",,,GRE|GMAT|IELTS,false,false
Polemical,,adjective,Describing something related to: Aggressive / argumentative.,"In the ""Aggressive / argumentative"" word cluster, polemical helps you spot synonyms on test day.",,,GRE|GMAT|IELTS,false,false
Pompous,,adjective,Describing something related to: Overly proud (−).,"She underlined pompous while reviewing the ""Overly proud (−)"" group in her notes.",,,GRE|GMAT|IELTS,false,false
Ponder,,word,A vocabulary term from the group: About to happen.,"In the ""About to happen"" word cluster, ponder helps you spot synonyms on test day.",,,GRE|GMAT|IELTS,false,false
Pore,,word,A vocabulary term from the group: Examine carefully.,"In the ""Examine carefully"" word cluster, pore helps you spot synonyms on test day.",,,GRE|GMAT|IELTS,false,false
Posture,,noun,"A person, thing, or quality related to: Artificial / pretense.","In the ""Artificial / pretense"" word cluster, posture helps you spot synonyms on test day.",,,GRE|GMAT|IELTS,false,false
Pragmatic,/præɡˈmæt.ɪk/,adjective,Dealing with things practically.,"Critics called the proposal pragmatic, noting that it was dealing with things practically.","practical,realistic","idealistic,impractical",GRE|GMAT,true,false
Pre-Eminent,,adjective,Describing something related to: Famous / superior.,"In the ""Famous / superior"" word cluster, pre-eminent helps you spot synonyms on test day.",,,GRE|GMAT|IELTS,false,false
Precarious,/prɪˈkeə.ri.əs/,adjective,Not securely held; risky.,"In context, the word precarious means not securely held; risky.","uncertain,unstable","secure,stable",GRE,true,false
Precedence,,noun,A sign or warning of future events.,The precedence clouds suggested a storm was approaching fast.,,,GRE|GMAT|IELTS,false,false
Precedent,,adjective,Describing something related to: Happening before main event.,"In the ""Happening before main event"" word cluster, precedent helps you spot synonyms on test day.",,,GRE|GMAT|IELTS,false,false
Precipitate,/prɪˈsɪp.ɪ.teɪt/,verb,Cause to happen suddenly.,The announcement threatened to precipitate protests across the city.,"hasten,trigger","delay,hinder",GRE,true,false
Preclude,/prɪˈkluːd/,verb,Prevent from happening.,Early training can preclude costly mistakes later in the project.,"prevent,obviate","allow,permit",GRE,true,false
Precocious,,adjective,Describing something related to: Very talented · Child.,"In the ""Very talented · Child"" word cluster, precocious helps you spot synonyms on test day.",,,GRE|GMAT|IELTS,false,false
Precursor,/priːˈkɜː.sər/,noun,A person or thing that comes before.,The precursor in the story refused to follow the crowd without question.,"forerunner,predecessor","successor,descendant",GRE,true,false
Predicament,,noun,Confused or bewildered.,"In the ""Difficulty / confusing situation"" word cluster, predicament helps you spot synonyms on test day.",,,GRE|GMAT|IELTS,false,false
Predilection,/ˌpred.ɪˈlek.ʃən/,noun,A preference.,The passage defines predilection as a preference.,"fondness,penchant","aversion,dislike",GRE,true,false
Predisposition,,noun,"A person, thing, or quality related to: Inclination.","In the ""Inclination"" word cluster, predisposition helps you spot synonyms on test day.",,,GRE|GMAT|IELTS,false,false
Preeminence,,noun,"A person, thing, or quality related to: Famous / superior.","She underlined preeminence while reviewing the ""Famous / superior"" group in her notes.",,,GRE|GMAT|IELTS,false,false
Preempt,,word,A vocabulary term from the group: Take away forcibly.,"She underlined preempt while reviewing the ""Take away forcibly"" group in her notes.",,,GRE|GMAT|IELTS,false,false
Prejudiced,,word,A vocabulary term from the group: Biased / partial.,"She underlined prejudiced while reviewing the ""Biased / partial"" group in her notes.",,,GRE|GMAT|IELTS,false,false
Premeditated,,word,A vocabulary term from the group: Planned / x spontaneous.,"In the ""Planned / x spontaneous"" word cluster, premeditated helps you spot synonyms on test day.",,,GRE|GMAT|IELTS,false,false
Premonition,,noun,A sign or warning of future events.,A premonition spread through the office after the memo leaked.,,,GRE|GMAT|IELTS,false,false
Preposterous,,adjective,Describing something related to: Illogical / strange.,"She underlined preposterous while reviewing the ""Illogical / strange"" group in her notes.",,,GRE|GMAT|IELTS,false,false
Presage,,noun,"A person, thing, or quality related to: Prediction.","She underlined presage while reviewing the ""Prediction"" group in her notes.",,,GRE|GMAT|IELTS,false,false
Prescience,,noun,"A person, thing, or quality related to: Prediction.","She underlined prescience while reviewing the ""Prediction"" group in her notes.",,,GRE|GMAT|IELTS,false,false
Press,,word,A vocabulary term from the group: Force / put pressure.,"She underlined press while reviewing the ""Force / put pressure"" group in her notes.",,,GRE|GMAT|IELTS,false,false
Pressing,,word,A vocabulary term from the group: Urgent / demanding.,"She underlined pressing while reviewing the ""Urgent / demanding"" group in her notes.",,,GRE|GMAT|IELTS,false,false
Presumptive,,adjective,Describing something related to: Guesswork / unproven theory.,"In the ""Guesswork / unproven theory"" word cluster, presumptive helps you spot synonyms on test day.",,,GRE|GMAT|IELTS,false,false
Presumptuous,,adjective,Showing courage or bravery in the face of difficulty.,"In the ""Disrespectfully bold (−)"" word cluster, presumptuous helps you spot synonyms on test day.",,,GRE|GMAT|IELTS,false,false
Pretentious,,adjective,Describing something related to: Show - off (−).,"In the ""Show - off (−)"" word cluster, pretentious helps you spot synonyms on test day.",,,GRE|GMAT|IELTS,false,false
Prevail,,word,A vocabulary term from the group: Recognized / established.,"She underlined prevail while reviewing the ""Recognized / established"" group in her notes.",,,GRE|GMAT|IELTS,false,false
Prevalent,,adjective,Describing something related to: Recognized / established.,"She underlined prevalent while reviewing the ""Recognized / established"" group in her notes.",,,GRE|GMAT|IELTS,false,false
Prevarication,,noun,"A person, thing, or quality related to: Falsehood.","She underlined prevarication while reviewing the ""Falsehood"" group in her notes.",,,GRE|GMAT|IELTS,false,false
Primed,,word,A vocabulary term from the group: Prepared.,"She underlined primed while reviewing the ""Prepared"" group in her notes.",,,GRE|GMAT|IELTS,false,false
Probable,,adjective,Describing something related to: Practical / possible.,"She underlined probable while reviewing the ""Practical / possible"" group in her notes.",,,GRE|GMAT|IELTS,false,false
Probity,/ˈprəʊ.bə.ti/,noun,The quality of having strong moral principles.,The passage defines probity as the quality of having strong moral principles.,"integrity,honesty","dishonesty,corruption",GRE,true,false
Proclaim,,word,Clear and easy to understand.,"She underlined proclaim while reviewing the ""To claim / declare"" group in her notes.",,,GRE|GMAT|IELTS,false,false
Proclivity,/prəˈklɪv.ə.ti/,noun,A tendency to choose or do something.,Understanding the proclivity helps you grasp the author's argument.,"inclination,propensity","aversion,disinclination",GRE,true,false
Procrastinate,,verb,To act in a way related to the idea of: Delay / postpone.,"She underlined procrastinate while reviewing the ""Delay / postpone"" group in her notes.",,,GRE|GMAT|IELTS,false,false
Prodigal,/ˈprɒd.ɪ.ɡəl/,adjective,Spending money freely.,"Critics called the proposal prodigal, noting that it was spending money freely.","wasteful,extravagant","frugal,thrifty",GRE,true,false
Prodigy,,adjective,Describing something related to: Very talented · Child.,"In the ""Very talented · Child"" word cluster, prodigy helps you spot synonyms on test day.",,,GRE|GMAT|IELTS,false,false
Proficient,,adjective,Describing something related to: Skillful.,"She underlined proficient while reviewing the ""Skillful"" group in her notes.",,,GRE|GMAT|IELTS,false,false
Profligate,,verb,Bring to an end; stop or conclude.,"She underlined profligate while reviewing the ""Spend lavishly / waste (−)"" group in her notes.",,,GRE|GMAT|IELTS,false,false
Profound,/prəˈfaʊnd/,adjective,Very great or intense.,"Critics called the proposal profound, noting that it was very great or intense.","deep,intense","superficial,shallow",GRE|IELTS,true,false
Profuse,,word,A vocabulary term from the group: Excess.,"In the ""Excess"" word cluster, profuse helps you spot synonyms on test day.",,,GRE|GMAT|IELTS,false,false
Prognosis,,word,A vocabulary term from the group: Prediction.,"In the ""Prediction"" word cluster, prognosis helps you spot synonyms on test day.",,,GRE|GMAT|IELTS,false,false
Prohibitive,,adjective,Describing something related to: Very high price (−).,"She underlined prohibitive while reviewing the ""Very high price (−)"" group in her notes.",,,GRE|GMAT|IELTS,false,false
Proliferate,/prəˈlɪf.ə.reɪt/,verb,Increase rapidly in number.,The ceasefire helped proliferate fighting in the border region.,"multiply,spread","decrease,diminish",GRE|GMAT,true,false
Prolific,,adjective,Describing something related to: Excess.,"In the ""Excess"" word cluster, prolific helps you spot synonyms on test day.",,,GRE|GMAT|IELTS,false,false
Prolix,/ˈproʊ.lɪks/,adjective,Tediously lengthy in speech or writing.,"In context, the word prolix means tediously lengthy in speech or writing.","wordy,long-winded","concise,brief",GRE,false,false
Prominent,,adjective,Describing something related to: Easily noticeable.,"In the ""Easily noticeable"" word cluster, prominent helps you spot synonyms on test day.",,,GRE|GMAT|IELTS,false,false
Prompt,,word,A vocabulary term from the group: Activate / speed up.,"In the ""Activate / speed up"" word cluster, prompt helps you spot synonyms on test day.",,,GRE|GMAT|IELTS,false,false
Promulgate,,verb,To act in a way related to the idea of: Spread.,"In the ""Spread"" word cluster, promulgate helps you spot synonyms on test day.",,,GRE|GMAT|IELTS,false,false
Prone,,word,A vocabulary term from the group: Easily affected (−).,"In the ""Easily affected (−)"" word cluster, prone helps you spot synonyms on test day.",,,GRE|GMAT|IELTS,false,false
Propagate,,verb,To act in a way related to the idea of: Spread.,"She underlined propagate while reviewing the ""Spread"" group in her notes.",,,GRE|GMAT|IELTS,false,false
Propel,,verb,To act in a way related to the idea of: Activate / speed up.,"In the ""Activate / speed up"" word cluster, propel helps you spot synonyms on test day.",,,GRE|GMAT|IELTS,false,false
Propensity,/prəˈpen.sə.ti/,noun,An inclination toward something.,The essay turned on the propensity introduced in the opening paragraph.,"tendency,inclination","aversion,disinclination",GRE,true,false
Propitiate,/prəˈpɪʃ.ieɪt/,verb,Win favor by doing something pleasing.,Leaders met to decide how best to propitiate the dispute.,"appease,conciliate","anger,provoke",GRE,true,false
Propitious,,adjective,Describing something related to: Lucky / x unlucky.,"In the ""Lucky / x unlucky"" word cluster, propitious helps you spot synonyms on test day.",,,GRE|GMAT|IELTS,false,false
Proponent,,adjective,Describing something related to: Supporter / x enemy.,"She underlined proponent while reviewing the ""Supporter / x enemy"" group in her notes.",,,GRE|GMAT|IELTS,false,false
Prosaic,,adjective,Describing something related to: Ordinary / unoriginal (−).,"She underlined prosaic while reviewing the ""Ordinary / unoriginal (−)"" group in her notes.",,,GRE|GMAT|IELTS,false,false
Protagonist,,word,A vocabulary term from the group: Supporter / x enemy.,"In the ""Supporter / x enemy"" word cluster, protagonist helps you spot synonyms on test day.",,,GRE|GMAT|IELTS,false,false
Protract,,word,A vocabulary term from the group: Delay / postpone.,"She underlined protract while reviewing the ""Delay / postpone"" group in her notes.",,,GRE|GMAT|IELTS,false,false
Provincial,,adjective,Describing something related to: Narrow minded / regional.,"She underlined provincial while reviewing the ""Narrow minded / regional"" group in her notes.",,,GRE|GMAT|IELTS,false,false
Provisional,,adjective,Describing something related to: Sure / certain / x conditional.,"In the ""Sure / certain / x conditional"" word cluster, provisional helps you spot synonyms on test day.",,opposite cluster,GRE|GMAT|IELTS,false,false
Provoke,,word,A vocabulary term from the group: To stir up / revolt.,"In the ""To stir up / revolt"" word cluster, provoke helps you spot synonyms on test day.",,,GRE|GMAT|IELTS,false,false
Prowess,,word,A vocabulary term from the group: Skillful.,"She underlined prowess while reviewing the ""Skillful"" group in her notes.",,,GRE|GMAT|IELTS,false,false
Proxy,,adjective,Describing something related to: Substitute.,"In the ""Substitute"" word cluster, proxy helps you spot synonyms on test day.",,,GRE|GMAT|IELTS,false,false
Prude,,word,A vocabulary term from the group: Pretense of morality (−).,"In the ""Pretense of morality (−)"" word cluster, prude helps you spot synonyms on test day.",,,GRE|GMAT|IELTS,false,false
Prudent,,adjective,Describing something related to: Cautious / careful / x risky.,"In the ""Cautious / careful / x risky"" word cluster, prudent helps you spot synonyms on test day.",,,GRE|GMAT|IELTS,false,false
Pugnacious,,adjective,Describing something related to: Aggressive / argumentative.,"In the ""Aggressive / argumentative"" word cluster, pugnacious helps you spot synonyms on test day.",,,GRE|GMAT|IELTS,false,false
Pulverize,,verb,"Give up, abandon, or stop pursuing something.","In the ""To defeat / # surrender"" word cluster, pulverize helps you spot synonyms on test day.",,,GRE|GMAT|IELTS,false,false
Punctilious,,adjective,Describing something related to: Thorough / precise.,"She underlined punctilious while reviewing the ""Thorough / precise"" group in her notes.",,,GRE|GMAT|IELTS,false,false
Pundit,,word,A vocabulary term from the group: Detailed knowledge / intellectual.,"In the ""Detailed knowledge / intellectual"" word cluster, pundit helps you spot synonyms on test day.",,,GRE|GMAT|IELTS,false,false
Puny,,adjective,Describing something related to: Very less (−).,The medicine did little to puny her anxiety before the exam.,,,GRE|GMAT|IELTS,false,false
Purge,,word,A vocabulary term from the group: Get rid of / cleanse.,"She underlined purge while reviewing the ""Get rid of / cleanse"" group in her notes.",,,GRE|GMAT|IELTS,false,false
Purport,,word,A vocabulary term from the group: Summary.,"In the ""Summary"" word cluster, purport helps you spot synonyms on test day.",,,GRE|GMAT|IELTS,false,false
Quaint,,word,Belonging to an earlier time; old or outdated.,"In the ""Old fashioned / outdated"" word cluster, quaint helps you spot synonyms on test day.",,,GRE|GMAT|IELTS,false,false
Qualified,,word,A vocabulary term from the group: Sure / certain / x conditional.,"In the ""Sure / certain / x conditional"" word cluster, qualified helps you spot synonyms on test day.",,opposite cluster,GRE|GMAT|IELTS,false,false
Quandary,,adjective,Confused or bewildered.,"She underlined quandary while reviewing the ""Difficulty / confusing situation"" group in her notes.",,,GRE|GMAT|IELTS,false,false
Quash,,word,At the final stage; concluding.,"In the ""Suppress / end"" word cluster, quash helps you spot synonyms on test day.",,,GRE|GMAT|IELTS,false,false
Quell,,word,At the final stage; concluding.,"She underlined quell while reviewing the ""Suppress / end"" group in her notes.",,,GRE|GMAT|IELTS,false,false
Querulous,,adjective,Describing something related to: Complain · Low degree.,Reviewers querulous the author for turning complex ideas into clear prose.,,,GRE|GMAT|IELTS,false,false
Questionable,,adjective,Describing something related to: Doubtful.,"In the ""Doubtful"" word cluster, questionable helps you spot synonyms on test day.",,,GRE|GMAT|IELTS,false,false
Quirkiness,,noun,"A person, thing, or quality related to: Strange.","In the ""Strange"" word cluster, quirkiness helps you spot synonyms on test day.",,,GRE|GMAT|IELTS,false,false
Quixotic,/kwɪkˈsɒt.ɪk/,adjective,Exceedingly idealistic.,"In context, the word quixotic means exceedingly idealistic.","impractical,romantic","realistic,practical",GRE,true,false
Quotidian,/kwəʊˈtɪd.i.ən/,adjective,Of or occurring every day.,"In context, the word quotidian means of or occurring every day.","daily,routine","unusual,extraordinary",GRE,true,false
Radical,,adjective,Describing something related to: Rebellious / unconventional.,"In the ""Rebellious / unconventional"" word cluster, radical helps you spot synonyms on test day.",,,GRE|GMAT|IELTS,false,false
Raillery,,adjective,Describing something related to: Mock / disrespect (−).,"In the ""Mock / disrespect (−)"" word cluster, raillery helps you spot synonyms on test day.",,,GRE|GMAT|IELTS,false,false
Raiment,,noun,"A person, thing, or quality related to: Clothing.","In the ""Clothing"" word cluster, raiment helps you spot synonyms on test day.",,,GRE|GMAT|IELTS,false,false
Rally,,adjective,Describing something related to: Coming together.,"In the ""Coming together"" word cluster, rally helps you spot synonyms on test day.",,,GRE|GMAT|IELTS,false,false
Ramifications,,word,A vocabulary term from the group: After effects.,"She underlined ramifications while reviewing the ""After effects"" group in her notes.",,,GRE|GMAT|IELTS,false,false
Rampant,,adjective,Describing something related to: Widespread · –.,"She underlined rampant while reviewing the ""Widespread · –"" group in her notes.",,,GRE|GMAT|IELTS,false,false
Rash,,word,A vocabulary term from the group: Cautious / careful / x risky.,"In the ""Cautious / careful / x risky"" word cluster, rash helps you spot synonyms on test day.",,opposite cluster,GRE|GMAT|IELTS,false,false
Ratify,,adjective,Describing something related to: Confirm / approve.,"She underlined ratify while reviewing the ""Confirm / approve"" group in her notes.",,,GRE|GMAT|IELTS,false,false
Raucous,,adjective,Describing something related to: Overly noisy (−).,"In the ""Overly noisy (−)"" word cluster, raucous helps you spot synonyms on test day.",,,GRE|GMAT|IELTS,false,false
Raze,,word,A vocabulary term from the group: Remove / destroy.,"In the ""Remove / destroy"" word cluster, raze helps you spot synonyms on test day.",,,GRE|GMAT|IELTS,false,false
Reactionary,,adjective,Describing something related to: Rebellious / unconventional.,"She underlined reactionary while reviewing the ""Rebellious / unconventional"" group in her notes.",,opposite cluster,GRE|GMAT|IELTS,false,false
Rebuke,,word,Belonging to an earlier time; old or outdated.,Editorials began to rebuke the mayor for ignoring early warnings.,,,GRE|GMAT|IELTS,false,false
Rebut,,word,A vocabulary term from the group: To prove false / to disprove.,"In the ""To prove false / to disprove"" word cluster, rebut helps you spot synonyms on test day.",,,GRE|GMAT|IELTS,false,false
Recalcitrant,/rɪˈkæl.sɪ.trənt/,adjective,Having an obstinately uncooperative attitude.,"In context, the word recalcitrant means having an obstinately uncooperative attitude.","defiant,stubborn","compliant,obedient",GRE,true,false
Recapitulate,,verb,To act in a way related to the idea of: Repeat.,"She underlined recapitulate while reviewing the ""Repeat"" group in her notes.",,,GRE|GMAT|IELTS,false,false
Recede,,verb,"Become less intense, amount, or severe.",The medicine did little to recede her anxiety before the exam.,,,GRE|GMAT|IELTS,false,false
Reckless,,adjective,Describing something related to: Cautious / careful / x risky.,"In the ""Cautious / careful / x risky"" word cluster, reckless helps you spot synonyms on test day.",,opposite cluster,GRE|GMAT|IELTS,false,false
Recondite,/ˈrek.ən.daɪt/,adjective,Little known; abstruse.,"Critics called the proposal recondite, noting that it was little known; abstruse.","obscure,esoteric","common,accessible",GRE,false,false
Rectitude,,word,A vocabulary term from the group: Immoral.,"She underlined rectitude while reviewing the ""Immoral"" group in her notes.",,opposite cluster,GRE|GMAT|IELTS,false,false
Redemption,,noun,"A person, thing, or quality related to: Correct / repair.","She underlined redemption while reviewing the ""Correct / repair"" group in her notes.",,,GRE|GMAT|IELTS,false,false
Redress,,word,A vocabulary term from the group: Correct / repair.,"In the ""Correct / repair"" word cluster, redress helps you spot synonyms on test day.",,,GRE|GMAT|IELTS,false,false
Redundant,,adjective,Describing something related to: Extra hence unnecessary (−).,"She underlined redundant while reviewing the ""Extra hence unnecessary (−)"" group in her notes.",,,GRE|GMAT|IELTS,false,false
Referrendum,,word,A vocabulary term from the group: A vote.,"She underlined referrendum while reviewing the ""A vote"" group in her notes.",,,GRE|GMAT|IELTS,false,false
Refined,,word,A vocabulary term from the group: Detailed knowledge / intellectual.,"She underlined refined while reviewing the ""Detailed knowledge / intellectual"" group in her notes.",,,GRE|GMAT|IELTS,false,false
Refinement,,noun,"A person, thing, or quality related to: Detailed knowledge / intellectual.","She underlined refinement while reviewing the ""Detailed knowledge / intellectual"" group in her notes.",,,GRE|GMAT|IELTS,false,false
Reflect,,word,A vocabulary term from the group: About to happen.,"She underlined reflect while reviewing the ""About to happen"" group in her notes.",,,GRE|GMAT|IELTS,false,false
Refractory,,adjective,Unwilling to change one's mind or course of action.,"She underlined refractory while reviewing the ""Stubborn (−)"" group in her notes.",,,GRE|GMAT|IELTS,false,false
Refrain,,word,A vocabulary term from the group: Self control.,"She underlined refrain while reviewing the ""Self control"" group in her notes.",,,GRE|GMAT|IELTS,false,false
Refute,,word,A vocabulary term from the group: To prove false / to disprove.,"She underlined refute while reviewing the ""To prove false / to disprove"" group in her notes.",,,GRE|GMAT|IELTS,false,false
Regale,,word,"Full of happiness, joy, or delight.",The regale mood in the hall lifted after the good news.,,,GRE|GMAT|IELTS,false,false
Regenerate,,verb,To act in a way related to the idea of: Restored.,"In the ""Restored"" word cluster, regenerate helps you spot synonyms on test day.",,,GRE|GMAT|IELTS,false,false
Rein,,word,A vocabulary term from the group: Restrain / x set free.,"In the ""Restrain / x set free"" word cluster, rein helps you spot synonyms on test day.",,,GRE|GMAT|IELTS,false,false
Reiterate,,verb,To act in a way related to the idea of: Repeat.,"She underlined reiterate while reviewing the ""Repeat"" group in her notes.",,,GRE|GMAT|IELTS,false,false
Rejuvenate,,verb,To act in a way related to the idea of: Restored.,"She underlined rejuvenate while reviewing the ""Restored"" group in her notes.",,,GRE|GMAT|IELTS,false,false
Relegate,/ˈrel.ɪ.ɡeɪt/,verb,Assign to a lower position.,Leaders met to decide how best to relegate the dispute.,"demote,banish","promote,elevate",GRE,true,false
Relent,,adjective,Describing something related to: Accept / agree / give in.,"In the ""Accept / agree / give in"" word cluster, relent helps you spot synonyms on test day.",,,GRE|GMAT|IELTS,false,false
Relentless,,adjective,At the final stage; concluding.,"She underlined relentless while reviewing the ""Never ending / non stop"" group in her notes.",,,GRE|GMAT|IELTS,false,false
Relinquish,,adjective,Given up or abandoned.,"In the ""Give up"" word cluster, relinquish helps you spot synonyms on test day.",,,GRE|GMAT|IELTS,false,false
Reminiscence,,noun,"A person, thing, or quality related to: Remembering the past.","She underlined reminiscence while reviewing the ""Remembering the past"" group in her notes.",,,GRE|GMAT|IELTS,false,false
Remiss,,word,A vocabulary term from the group: Careless.,Cooler weather helped remiss the swelling in his ankle.,,,GRE|GMAT|IELTS,false,false
Remnant,,adjective,Describing something related to: Left-over.,"She underlined remnant while reviewing the ""Left-over"" group in her notes.",,,GRE|GMAT|IELTS,false,false
Remorse,,word,A vocabulary term from the group: Feeling guilty.,"She underlined remorse while reviewing the ""Feeling guilty"" group in her notes.",,,GRE|GMAT|IELTS,false,false
Remunerative,,adjective,Describing something related to: Profitable.,"She underlined remunerative while reviewing the ""Profitable"" group in her notes.",,,GRE|GMAT|IELTS,false,false
Renaissance,,noun,"A person, thing, or quality related to: Restored.","In the ""Restored"" word cluster, renaissance helps you spot synonyms on test day.",,,GRE|GMAT|IELTS,false,false
Renegade,,word,A vocabulary term from the group: Rebellious / unconventional.,"She underlined renegade while reviewing the ""Rebellious / unconventional"" group in her notes.",,,GRE|GMAT|IELTS,false,false
Renege,,word,A vocabulary term from the group: Cancel / take back.,"In the ""Cancel / take back"" word cluster, renege helps you spot synonyms on test day.",,,GRE|GMAT|IELTS,false,false
Renounce,,word,Given up or abandoned.,"She underlined renounce while reviewing the ""Give up"" group in her notes.",,,GRE|GMAT|IELTS,false,false
Reparation,,noun,"A person, thing, or quality related to: Correct / repair.","She underlined reparation while reviewing the ""Correct / repair"" group in her notes.",,,GRE|GMAT|IELTS,false,false
Repel,,verb,To act in a way related to the idea of: Hate.,"In the ""Hate"" word cluster, repel helps you spot synonyms on test day.",,,GRE|GMAT|IELTS,false,false
Repercussions,,word,A vocabulary term from the group: After effects.,"She underlined repercussions while reviewing the ""After effects"" group in her notes.",,,GRE|GMAT|IELTS,false,false
Replete,/rɪˈpliːt/,adjective,Filled or well supplied.,"In context, the word replete means filled or well supplied.","full,stuffed","empty,devoid",GRE,true,false
Reprehensible,,adjective,Expressing criticism or strong disapproval.,Opponents reprehensible the plan as costly and poorly timed.,,,GRE|GMAT|IELTS,false,false
Repress,,word,At the final stage; concluding.,"In the ""Suppress / end"" word cluster, repress helps you spot synonyms on test day.",,,GRE|GMAT|IELTS,false,false
Reprimand,,word,Belonging to an earlier time; old or outdated.,"Teachers rarely reprimand students in public, preferring private feedback.",,,GRE|GMAT|IELTS,false,false
Reprisal,,adjective,Describing something related to: Counter-attack.,Editorials began to reprisal the mayor for ignoring early warnings.,,,GRE|GMAT|IELTS,false,false
Reproach,,word,Belonging to an earlier time; old or outdated.,Opponents reproach the plan as costly and poorly timed.,,,GRE|GMAT|IELTS,false,false
Reprove,,word,Belonging to an earlier time; old or outdated.,"Teachers rarely reprove students in public, preferring private feedback.",,,GRE|GMAT|IELTS,false,false
Repudiate,/rɪˈpjuː.di.eɪt/,verb,Refuse to accept or be associated with.,The team hoped the policy would repudiate the problem over time.,"reject,deny","accept,embrace",GRE,true,false
Repugnant,,adjective,Describing something related to: Hate.,"In the ""Hate"" word cluster, repugnant helps you spot synonyms on test day.",,,GRE|GMAT|IELTS,false,false
Repulsion,,noun,"A person, thing, or quality related to: Hate.","She underlined repulsion while reviewing the ""Hate"" group in her notes.",,,GRE|GMAT|IELTS,false,false
Reserved,,word,A vocabulary term from the group: Shy / introvert.,"In the ""Shy / introvert"" word cluster, reserved helps you spot synonyms on test day.",,,GRE|GMAT|IELTS,false,false
Residual,,adjective,Describing something related to: Left-over.,"She underlined residual while reviewing the ""Left-over"" group in her notes.",,,GRE|GMAT|IELTS,false,false
Respite,,word,"A temporary pause, break, or gap in continuity.","In the ""Interval / pause"" word cluster, respite helps you spot synonyms on test day.",,,GRE|GMAT|IELTS,false,false
Resplendent,,adjective,Describing something related to: Attractive / decorative.,"In the ""Attractive / decorative"" word cluster, resplendent helps you spot synonyms on test day.",,,GRE|GMAT|IELTS,false,false
Restitution,,noun,"A person, thing, or quality related to: Correct / repair.","In the ""Correct / repair"" word cluster, restitution helps you spot synonyms on test day.",,,GRE|GMAT|IELTS,false,false
Restive,,adjective,Describing something related to: Nervous / restless.,Officials hoped the treaty would restive tensions along the border.,,,GRE|GMAT|IELTS,false,false
Resurrect,,word,A vocabulary term from the group: Restored.,"She underlined resurrect while reviewing the ""Restored"" group in her notes.",,,GRE|GMAT|IELTS,false,false
Retaliate,,verb,To act in a way related to the idea of: Counter-attack.,Editorials began to retaliate the mayor for ignoring early warnings.,,,GRE|GMAT|IELTS,false,false
Reticent,/ˈret.ɪ.sənt/,adjective,Not revealing one's thoughts readily.,"In context, the word reticent means not revealing one's thoughts readily.","reserved,quiet","talkative,forthcoming",GRE,true,false
Retiring,,word,A vocabulary term from the group: Shy / introvert.,"In the ""Shy / introvert"" word cluster, retiring helps you spot synonyms on test day.",,,GRE|GMAT|IELTS,false,false
Retract,,word,A vocabulary term from the group: Cancel / take back.,"She underlined retract while reviewing the ""Cancel / take back"" group in her notes.",,,GRE|GMAT|IELTS,false,false
Retrench,,word,Reduced in intensity or amount.,The medicine did little to retrench her anxiety before the exam.,,,GRE|GMAT|IELTS,false,false
Retribution,,noun,"A person, thing, or quality related to: Revenge.","She underlined retribution while reviewing the ""Revenge"" group in her notes.",,,GRE|GMAT|IELTS,false,false
Retrograde,,word,"Lacking strength, power, or effectiveness.","She underlined retrograde while reviewing the ""To lose strength / to weaken"" group in her notes.",,,GRE|GMAT|IELTS,false,false
Retrospect,,word,A vocabulary term from the group: Remembering the past.,"She underlined retrospect while reviewing the ""Remembering the past"" group in her notes.",,,GRE|GMAT|IELTS,false,false
Revere,,word,A vocabulary term from the group: Respect.,"She underlined revere while reviewing the ""Respect"" group in her notes.",,,GRE|GMAT|IELTS,false,false
Revitalizing,,word,A vocabulary term from the group: Energizing.,"In the ""Energizing"" word cluster, revitalizing helps you spot synonyms on test day.",,,GRE|GMAT|IELTS,false,false
Revive,,adjective,Describing something related to: Restored.,"She underlined revive while reviewing the ""Restored"" group in her notes.",,,GRE|GMAT|IELTS,false,false
Revoke,,word,A vocabulary term from the group: Cancel / take back.,"In the ""Cancel / take back"" word cluster, revoke helps you spot synonyms on test day.",,,GRE|GMAT|IELTS,false,false
Revolutionary,,adjective,Describing something related to: Rebellious / unconventional.,"She underlined revolutionary while reviewing the ""Rebellious / unconventional"" group in her notes.",,,GRE|GMAT|IELTS,false,false
Rife,,word,A vocabulary term from the group: Widespread · –.,"In the ""Widespread · –"" word cluster, rife helps you spot synonyms on test day.",,,GRE|GMAT|IELTS,false,false
Rift,,word,A vocabulary term from the group: Split / gap.,"She underlined rift while reviewing the ""Split / gap"" group in her notes.",,,GRE|GMAT|IELTS,false,false
Robust,,word,"Having great strength, power, or force.","She underlined robust while reviewing the ""Physically strong"" group in her notes.",,,GRE|GMAT|IELTS,false,false
Rookie,,word,At the beginning; initial.,"She underlined rookie while reviewing the ""Beginner / inexperienced"" group in her notes.",,,GRE|GMAT|IELTS,false,false
Row,,word,A vocabulary term from the group: Argue / fight.,"In the ""Argue / fight"" word cluster, row helps you spot synonyms on test day.",,,GRE|GMAT|IELTS,false,false
Rudimentary,/ˌruː.dɪˈmen.tər.i/,adjective,Involving basic principles.,"Critics called the proposal rudimentary, noting that it was involving basic principles.","basic,elementary","advanced,sophisticated",GRE,true,false
Rueful,,adjective,Describing something related to: Feeling guilty.,"She underlined rueful while reviewing the ""Feeling guilty"" group in her notes.",,,GRE|GMAT|IELTS,false,false
Rugged,,word,"Having great strength, power, or force.","In the ""Physically strong"" word cluster, rugged helps you spot synonyms on test day.",,,GRE|GMAT|IELTS,false,false
Ruminate,,verb,To act in a way related to the idea of: About to happen.,"She underlined ruminate while reviewing the ""About to happen"" group in her notes.",,,GRE|GMAT|IELTS,false,false
Rustic,,adjective,Describing something related to: Village-like.,"In the ""Village-like"" word cluster, rustic helps you spot synonyms on test day.",,,GRE|GMAT|IELTS,false,false
Sacrilege,,word,A vocabulary term from the group: Disrespecting sacred things.,"She underlined sacrilege while reviewing the ""Disrespecting sacred things"" group in her notes.",,,GRE|GMAT|IELTS,false,false
Sacrosanct,,word,A vocabulary term from the group: Disrespecting sacred things.,"She underlined sacrosanct while reviewing the ""Disrespecting sacred things"" group in her notes.",,opposite cluster,GRE|GMAT|IELTS,false,false
Sagacious,/səˈɡeɪ.ʃəs/,adjective,Having good judgment.,"In context, the word sagacious means having good judgment.","wise,shrewd","foolish,unwise",GRE,true,false
Sage,,noun,"A person, thing, or quality related to: Intelligent / wise.",It was a sage move to negotiate before costs rose further.,,,GRE|GMAT|IELTS,false,false
Salient,/ˈseɪ.li.ənt/,adjective,Most noticeable or important.,The situation seemed salient to anyone who read the full report.,"prominent,notable","insignificant,minor",GRE|GMAT,true,false
Sanction,/ˈsæŋk.ʃən/,noun,Official permission or penalty.,The essay turned on the sanction introduced in the opening paragraph.,"authorization,penalty","prohibition,ban",GRE,true,false
Sanguine,/ˈsæŋ.ɡwɪn/,adjective,Optimistic in a difficult situation.,The situation seemed sanguine to anyone who read the full report.,"hopeful,confident","pessimistic,gloomy",GRE|GMAT,false,false
Sarcastic,,adjective,Describing something related to: Mock / disrespect (−).,"She underlined sarcastic while reviewing the ""Mock / disrespect (−)"" group in her notes.",,,GRE|GMAT|IELTS,false,false
Sartorial,,adjective,Describing something related to: Clothing.,"She underlined sartorial while reviewing the ""Clothing"" group in her notes.",,,GRE|GMAT|IELTS,false,false
Satiate,/ˈseɪ.ʃieɪt/,verb,Fill to satisfaction.,Leaders met to decide how best to satiate the dispute.,"satisfy,sate","starve,deprive",GRE,true,false
Scanty,,noun,"A person, thing, or quality related to: Very less (−).",The medicine did little to scanty her anxiety before the exam.,,,GRE|GMAT|IELTS,false,false
Scarce,,word,A vocabulary term from the group: Very less (−).,The medicine did little to scarce her anxiety before the exam.,,,GRE|GMAT|IELTS,false,false
Scathing,,word,A vocabulary term from the group: Harsh / biting / sharp.,"She underlined scathing while reviewing the ""Harsh / biting / sharp"" group in her notes.",,,GRE|GMAT|IELTS,false,false
Scheme,,word,A vocabulary term from the group: Plot / trick (−).,"She underlined scheme while reviewing the ""Plot / trick (−)"" group in her notes.",,,GRE|GMAT|IELTS,false,false
Schism,,noun,"A person, thing, or quality related to: Split / gap.","She underlined schism while reviewing the ""Split / gap"" group in her notes.",,,GRE|GMAT|IELTS,false,false
Scintillating,/ˈsɪn.tɪ.leɪ.tɪŋ/,adjective,Sparkling or brilliantly clever.,"In context, the word scintillating means sparkling or brilliantly clever.","dazzling,stimulating","dull,boring",GRE,true,false
Scorn,,word,A vocabulary term from the group: Mock / disrespect (−).,"She underlined scorn while reviewing the ""Mock / disrespect (−)"" group in her notes.",,,GRE|GMAT|IELTS,false,false
Scotch,,word,At the final stage; concluding.,"In the ""Suppress / end"" word cluster, scotch helps you spot synonyms on test day.",,,GRE|GMAT|IELTS,false,false
Scruples,,word,A vocabulary term from the group: Hesitate on moral grounds.,"She underlined scruples while reviewing the ""Hesitate on moral grounds"" group in her notes.",,,GRE|GMAT|IELTS,false,false
Scrupulous,/ˈskruː.pjə.ləs/,adjective,Diligent and thorough.,"Critics called the proposal scrupulous, noting that it was diligent and thorough.","meticulous,careful","careless,negligent",GRE,true,false
Scrutinize,/ˈskruː.tɪ.naɪz/,verb,Examine closely.,The team hoped the policy would scrutinize the problem over time.,"inspect,analyze","glance,overlook",GRE|IELTS,true,false
Scuffle,,word,A vocabulary term from the group: Argue / fight.,"In the ""Argue / fight"" word cluster, scuffle helps you spot synonyms on test day.",,,GRE|GMAT|IELTS,false,false
Seasoned,,word,A vocabulary term from the group: Experienced.,"In the ""Experienced"" word cluster, seasoned helps you spot synonyms on test day.",,,GRE|GMAT|IELTS,false,false
Secular,,word,A vocabulary term from the group: Not sacred / worldly.,"She underlined secular while reviewing the ""Not sacred / worldly"" group in her notes.",,,GRE|GMAT|IELTS,false,false
Secure,,noun,"A person, thing, or quality related to: Restrain / x set free.","She underlined secure while reviewing the ""Restrain / x set free"" group in her notes.",,,GRE|GMAT|IELTS,false,false
Sedition,,noun,"A person, thing, or quality related to: To stir up / revolt.","She underlined sedition while reviewing the ""To stir up / revolt"" group in her notes.",,,GRE|GMAT|IELTS,false,false
Segregate,,verb,To act in a way related to the idea of: Separate / x connected.,"She underlined segregate while reviewing the ""Separate / x connected"" group in her notes.",,,GRE|GMAT|IELTS,false,false
Sensational,,adjective,Describing something related to: Offensive / lusty.,"She underlined sensational while reviewing the ""Offensive / lusty"" group in her notes.",,,GRE|GMAT|IELTS,false,false
Sentence,,noun,"A person, thing, or quality related to: Punish.","She underlined sentence while reviewing the ""Punish"" group in her notes.",,,GRE|GMAT|IELTS,false,false
Serendipity,,noun,"A person, thing, or quality related to: Lucky / x unlucky.","In the ""Lucky / x unlucky"" word cluster, serendipity helps you spot synonyms on test day.",,,GRE|GMAT|IELTS,false,false
Serene,,word,Not alike; clearly different in nature or quality.,Urban and rural communities often have serene needs during a crisis.,,,GRE|GMAT|IELTS,false,false
Servile,/ˈsɜː.vaɪl/,adjective,Having the qualities of a slave.,"In context, the word servile means having the qualities of a slave.","submissive,obsequious","dominant,assertive",GRE,true,false
Shackle,,word,A vocabulary term from the group: Restrain / x set free.,"She underlined shackle while reviewing the ""Restrain / x set free"" group in her notes.",,,GRE|GMAT|IELTS,false,false
Shades,,word,A vocabulary term from the group: Minor differences.,"In the ""Minor differences"" word cluster, shades helps you spot synonyms on test day.",,,GRE|GMAT|IELTS,false,false
Sham,,word,Intended to mislead or deceive.,"She underlined sham while reviewing the ""Fake / deceptive"" group in her notes.",,,GRE|GMAT|IELTS,false,false
Shirk,,word,A vocabulary term from the group: Avoid / dodge.,"She underlined shirk while reviewing the ""Avoid / dodge"" group in her notes.",,,GRE|GMAT|IELTS,false,false
Shoddy,,adjective,Describing something related to: Careless / dirty.,Officials hoped the treaty would shoddy tensions along the border.,,,GRE|GMAT|IELTS,false,false
Shrink,,word,"Marked by fear, dread, or intimidation.",Even experienced climbers found the final ascent shrink in stormy weather.,,,GRE|GMAT|IELTS,false,false
Shroud,,word,A vocabulary term from the group: Hide / cover / disguise.,"She underlined shroud while reviewing the ""Hide / cover / disguise"" group in her notes.",,,GRE|GMAT|IELTS,false,false
Shun,,word,A vocabulary term from the group: Exclude / forbid.,"In the ""Exclude / forbid"" word cluster, shun helps you spot synonyms on test day.",,,GRE|GMAT|IELTS,false,false
Simpleton,,word,A vocabulary term from the group: Intelligent / wise.,The mentor offered simpleton advice that changed her study habits.,,opposite cluster,GRE|GMAT|IELTS,false,false
Simulate,,verb,To act in a way related to the idea of: Imitate / * comic imitation.,"In the ""Imitate / * comic imitation"" word cluster, simulate helps you spot synonyms on test day.",,,GRE|GMAT|IELTS,false,false
Simultaneous,,adjective,Describing something related to: Co-existing.,Her simultaneous donation surprised a charity that expected far less.,,,GRE|GMAT|IELTS,false,false
Sinister,,word,"Marked by fear, dread, or intimidation.","Facing a room full of judges felt sinister at first, though she settled in quickly.",,,GRE|GMAT|IELTS,false,false
Skeptical,/ˈskep.tɪ.kəl/,adjective,Not easily convinced.,"In context, the word skeptical means not easily convinced.","doubtful,dubious","trusting,credulous",GRE|GMAT,true,false
Skirt,,word,A vocabulary term from the group: Avoid / dodge.,"She underlined skirt while reviewing the ""Avoid / dodge"" group in her notes.",,,GRE|GMAT|IELTS,false,false
Skittish,,adjective,Describing something related to: Nervous / restless.,Cooler weather helped skittish the swelling in his ankle.,,,GRE|GMAT|IELTS,false,false
Slander,,word,A vocabulary term from the group: Accuse / defame.,"She underlined slander while reviewing the ""Accuse / defame"" group in her notes.",,,GRE|GMAT|IELTS,false,false
Slavish,,adjective,Describing something related to: Overly obedient (−).,"In the ""Overly obedient (−)"" word cluster, slavish helps you spot synonyms on test day.",,,GRE|GMAT|IELTS,false,false
Slight,,word,A vocabulary term from the group: Small.,"She underlined slight while reviewing the ""Small"" group in her notes.",,,GRE|GMAT|IELTS,false,false
Sloppy,,adjective,Describing something related to: Careless / dirty.,The medicine did little to sloppy her anxiety before the exam.,,,GRE|GMAT|IELTS,false,false
Sly,,adjective,Describing something related to: Secret (−).,"In the ""Secret (−)"" word cluster, sly helps you spot synonyms on test day.",,,GRE|GMAT|IELTS,false,false
Snare,,word,A vocabulary term from the group: Danger.,"She underlined snare while reviewing the ""Danger"" group in her notes.",,,GRE|GMAT|IELTS,false,false
Solace,,word,A vocabulary term from the group: Calm down · + / to make less worse.,The medicine did little to solace her anxiety before the exam.,,,GRE|GMAT|IELTS,false,false
Solicitous,/səˈlɪs.ɪ.təs/,adjective,Showing interest or concern.,"In context, the word solicitous means showing interest or concern.","attentive,caring","indifferent,uncaring",GRE,true,false
Somber,,word,A vocabulary term from the group: Gloomy / dark.,"In the ""Gloomy / dark"" word cluster, somber helps you spot synonyms on test day.",,,GRE|GMAT|IELTS,false,false
Sophist,,word,A vocabulary term from the group: Instructive (−).,"In the ""Instructive (−)"" word cluster, sophist helps you spot synonyms on test day.",,,GRE|GMAT|IELTS,false,false
Sophistry,,adjective,Intended to mislead or deceive.,"She underlined sophistry while reviewing the ""Fake / deceptive"" group in her notes.",,,GRE|GMAT|IELTS,false,false
Sovereign,,word,At the final stage; concluding.,"In the ""Independence / freedom"" word cluster, sovereign helps you spot synonyms on test day.",,,GRE|GMAT|IELTS,false,false
Sparse,,word,A vocabulary term from the group: Very less (−).,Officials hoped the treaty would sparse tensions along the border.,,,GRE|GMAT|IELTS,false,false
Speculative,,adjective,Describing something related to: Guesswork / unproven theory.,"She underlined speculative while reviewing the ""Guesswork / unproven theory"" group in her notes.",,,GRE|GMAT|IELTS,false,false
Spellbinding,,word,A vocabulary term from the group: Attract / fascinate.,"She underlined spellbinding while reviewing the ""Attract / fascinate"" group in her notes.",,,GRE|GMAT|IELTS,false,false
Spendthrift,,word,At the final stage; concluding.,"She underlined spendthrift while reviewing the ""Spend lavishly / waste (−)"" group in her notes.",,,GRE|GMAT|IELTS,false,false
Sporadic,,adjective,Describing something related to: Irregular / periodically.,"She underlined sporadic while reviewing the ""Irregular / periodically"" group in her notes.",,,GRE|GMAT|IELTS,false,false
Spurious,/ˈspjʊə.ri.əs/,adjective,Not being what it purports to be.,The situation seemed spurious to anyone who read the full report.,"false,bogus","genuine,authentic",GRE,true,false
Spurn,,word,A vocabulary term from the group: Mock / disrespect (−).,"In the ""Mock / disrespect (−)"" word cluster, spurn helps you spot synonyms on test day.",,,GRE|GMAT|IELTS,false,false
Spurred,,word,A vocabulary term from the group: Activate / speed up.,"She underlined spurred while reviewing the ""Activate / speed up"" group in her notes.",,,GRE|GMAT|IELTS,false,false
Squander,,word,At the final stage; concluding.,"She underlined squander while reviewing the ""Spend lavishly / waste (−)"" group in her notes.",,,GRE|GMAT|IELTS,false,false
Stagnant,,adjective,Describing something related to: Inactive.,"In the ""Inactive"" word cluster, stagnant helps you spot synonyms on test day.",,,GRE|GMAT|IELTS,false,false
Staid,,word,Not alike; clearly different in nature or quality.,The two reports reached staid conclusions from the same survey data.,,,GRE|GMAT|IELTS,false,false
Stalemate,,verb,Bring to an end; stop or conclude.,"In the ""Dead end"" word cluster, stalemate helps you spot synonyms on test day.",,,GRE|GMAT|IELTS,false,false
Stanch,,word,A vocabulary term from the group: Restrict / stop / prevent.,"She underlined stanch while reviewing the ""Restrict / stop / prevent"" group in her notes.",,,GRE|GMAT|IELTS,false,false
Stark,,word,A vocabulary term from the group: Bare.,"She underlined stark while reviewing the ""Bare"" group in her notes.",,,GRE|GMAT|IELTS,false,false
Stature,,noun,"A person, thing, or quality related to: Famous / superior.","In the ""Famous / superior"" word cluster, stature helps you spot synonyms on test day.",,,GRE|GMAT|IELTS,false,false
Steadfast,,word,At the final stage; concluding.,"She underlined steadfast while reviewing the ""Resolute / determined (+)"" group in her notes.",,,GRE|GMAT|IELTS,false,false
Stealth,,word,A vocabulary term from the group: Secret (−).,"She underlined stealth while reviewing the ""Secret (−)"" group in her notes.",,,GRE|GMAT|IELTS,false,false
Steeped,,word,A vocabulary term from the group: Excess.,"In the ""Excess"" word cluster, steeped helps you spot synonyms on test day.",,,GRE|GMAT|IELTS,false,false
Stickler,,word,A vocabulary term from the group: Fussy / hard to please (−).,"She underlined stickler while reviewing the ""Fussy / hard to please (−)"" group in her notes.",,,GRE|GMAT|IELTS,false,false
Stigmatization,,noun,"A person, thing, or quality related to: Accuse / defame.","She underlined stigmatization while reviewing the ""Accuse / defame"" group in her notes.",,,GRE|GMAT|IELTS,false,false
Stimulate,,verb,To act in a way related to the idea of: Activate / speed up.,"In the ""Activate / speed up"" word cluster, stimulate helps you spot synonyms on test day.",,,GRE|GMAT|IELTS,false,false
Stingy,,adjective,At the final stage; concluding.,The mentor offered stingy advice that changed her study habits.,,,GRE|GMAT|IELTS,false,false
Stoic,,adjective,Not alike; clearly different in nature or quality.,Urban and rural communities often have stoic needs during a crisis.,,,GRE|GMAT|IELTS,false,false
Strident,/ˈstraɪ.dənt/,adjective,Loud and harsh.,The situation seemed strident to anyone who read the full report.,"shrill,grating","soft,mellow",GRE,true,false
Stringent,,adjective,Describing something related to: Careless.,The medicine did little to stringent her anxiety before the exam.,,opposite cluster,GRE|GMAT|IELTS,false,false
Studied,,word,A vocabulary term from the group: Planned / x spontaneous.,"In the ""Planned / x spontaneous"" word cluster, studied helps you spot synonyms on test day.",,,GRE|GMAT|IELTS,false,false
Stupefy,/ˈstjuː.pɪ.faɪ/,verb,Make unable to think clearly.,The team hoped the policy would stupefy the problem over time.,"daze,bewilder","enlighten,clarify",GRE,true,false
Sturdy,,adjective,"Having great strength, power, or force.","She underlined sturdy while reviewing the ""Physically strong"" group in her notes.",,,GRE|GMAT|IELTS,false,false
Subdue,,word,At the final stage; concluding.,"In the ""Suppress / end"" word cluster, subdue helps you spot synonyms on test day.",,,GRE|GMAT|IELTS,false,false
Subject,,verb,To act in a way related to the idea of: Easily affected (−).,"In the ""Easily affected (−)"" word cluster, subject helps you spot synonyms on test day.",,,GRE|GMAT|IELTS,false,false
Subjectivity,,noun,"A person, thing, or quality related to: Biased / partial.","She underlined subjectivity while reviewing the ""Biased / partial"" group in her notes.",,,GRE|GMAT|IELTS,false,false
Subjugate,,verb,"Give up, abandon, or stop pursuing something.","In the ""To defeat / # surrender"" word cluster, subjugate helps you spot synonyms on test day.",,,GRE|GMAT|IELTS,false,false
Sublime,,word,A vocabulary term from the group: Spiritual / x earthly.,"She underlined sublime while reviewing the ""Spiritual / x earthly"" group in her notes.",,,GRE|GMAT|IELTS,false,false
Subordination,,noun,"A person, thing, or quality related to: Placing in inferior rank.","She underlined subordination while reviewing the ""Placing in inferior rank"" group in her notes.",,,GRE|GMAT|IELTS,false,false
Subservient,,adjective,Describing something related to: Overly obedient (−).,"In the ""Overly obedient (−)"" word cluster, subservient helps you spot synonyms on test day.",,,GRE|GMAT|IELTS,false,false
Subside,,word,Reduced in intensity or amount.,Cooler weather helped subside the swelling in his ankle.,,,GRE|GMAT|IELTS,false,false
Substantial,,adjective,"Lacking strength, power, or effectiveness.","In the ""Weak / fragile"" word cluster, substantial helps you spot synonyms on test day.",,opposite cluster,GRE|GMAT|IELTS,false,false
Substantiate,/səbˈstæn.ʃieɪt/,verb,Provide evidence to support.,New data helped substantiate the scientist's central claim.,"verify,confirm","disprove,refute",GRE,true,false
Subtle,,word,A vocabulary term from the group: Minor differences.,"She underlined subtle while reviewing the ""Minor differences"" group in her notes.",,,GRE|GMAT|IELTS,false,false
Subversive,/səbˈvɜː.sɪv/,adjective,Seeking to undermine an established system.,"Critics called the proposal subversive, noting that it was seeking to undermine an established system.","disruptive,rebellious","conformist,loyal",GRE,true,false
Subvert,,word,"Lacking strength, power, or effectiveness.","She underlined subvert while reviewing the ""To lose strength / to weaken"" group in her notes.",,,GRE|GMAT|IELTS,false,false
Succinct,/səkˈsɪŋkt/,adjective,Briefly and clearly expressed.,"Their relief was succinct, disappearing as soon as the next deadline appeared.","concise,brief","verbose,wordy",GRE|GMAT,true,false
Succumb,,word,A vocabulary term from the group: Accept / agree / give in.,"In the ""Accept / agree / give in"" word cluster, succumb helps you spot synonyms on test day.",,,GRE|GMAT|IELTS,false,false
Suffice,,word,A vocabulary term from the group: Fully satisfied.,"She underlined suffice while reviewing the ""Fully satisfied"" group in her notes.",,,GRE|GMAT|IELTS,false,false
Suffrage,,noun,"A person, thing, or quality related to: Right to vote.","She underlined suffrage while reviewing the ""Right to vote"" group in her notes.",,,GRE|GMAT|IELTS,false,false
Summarily,,adjective,Describing something related to: Not thorough / superficially.,"She underlined summarily while reviewing the ""Not thorough / superficially"" group in her notes.",,,GRE|GMAT|IELTS,false,false
Superfluous,/suːˈpɜː.flu.əs/,adjective,Unnecessary through being more than enough.,"In context, the word superfluous means unnecessary through being more than enough.","excess,redundant","essential,necessary",GRE,true,false
Supersede,,word,A vocabulary term from the group: To displace.,"In the ""To displace"" word cluster, supersede helps you spot synonyms on test day.",,,GRE|GMAT|IELTS,false,false
Supplant,,adjective,Describing something related to: To displace.,"She underlined supplant while reviewing the ""To displace"" group in her notes.",,,GRE|GMAT|IELTS,false,false
Supple,,word,Willing or able to change or adapt easily.,"She underlined supple while reviewing the ""Flexible"" group in her notes.",,,GRE|GMAT|IELTS,false,false
Surfeit,/ˈsɜː.fɪt/,noun,An excessive amount.,Understanding the surfeit helps you grasp the author's argument.,"excess,surplus","lack,deficiency",GRE,true,false
Surge,,word,A vocabulary term from the group: Excess.,"In the ""Excess"" word cluster, surge helps you spot synonyms on test day.",,,GRE|GMAT|IELTS,false,false
Surmise,,verb,To act in a way related to the idea of: Guesswork / unproven theory.,"In the ""Guesswork / unproven theory"" word cluster, surmise helps you spot synonyms on test day.",,,GRE|GMAT|IELTS,false,false
Surpass,,word,A vocabulary term from the group: To rise beyond.,Scholars watched the debate surpass into new areas of policy.,,,GRE|GMAT|IELTS,false,false
Surreptitious,/ˌsʌr.əpˈtɪʃ.əs/,adjective,Kept secret because it would not be approved.,"In context, the word surreptitious means kept secret because it would not be approved.","secret,stealthy","open,overt",GRE,true,false
Surrogate,,verb,To act in a way related to the idea of: Substitute.,"In the ""Substitute"" word cluster, surrogate helps you spot synonyms on test day.",,,GRE|GMAT|IELTS,false,false
Susceptible,,adjective,Describing something related to: Easily affected (−).,"She underlined susceptible while reviewing the ""Easily affected (−)"" group in her notes.",,,GRE|GMAT|IELTS,false,false
Sway,,adjective,Describing something related to: Fickle / fluctuating.,"In the ""Fickle / fluctuating"" word cluster, sway helps you spot synonyms on test day.",,,GRE|GMAT|IELTS,false,false
Swerve,,word,A vocabulary term from the group: Avoid / dodge.,"In the ""Avoid / dodge"" word cluster, swerve helps you spot synonyms on test day.",,,GRE|GMAT|IELTS,false,false
Swindle,,word,A vocabulary term from the group: Cheat / deceive.,"In the ""Cheat / deceive"" word cluster, swindle helps you spot synonyms on test day.",,,GRE|GMAT|IELTS,false,false
Sycophant,/ˈsɪk.ə.fænt/,noun,A person who acts obsequiously.,The sycophant in the story refused to follow the crowd without question.,"flatterer,toady","critic,opponent",GRE,true,false
Synopsis,,word,A vocabulary term from the group: Summary.,"In the ""Summary"" word cluster, synopsis helps you spot synonyms on test day.",,,GRE|GMAT|IELTS,false,false
Synthesis,,word,A vocabulary term from the group: Combine.,"In the ""Combine"" word cluster, synthesis helps you spot synonyms on test day.",,,GRE|GMAT|IELTS,false,false
Taboo,,word,A vocabulary term from the group: Exclude / forbid.,"She underlined taboo while reviewing the ""Exclude / forbid"" group in her notes.",,,GRE|GMAT|IELTS,false,false
Tacit,,word,A vocabulary term from the group: Hint / indirect reference.,"She underlined tacit while reviewing the ""Hint / indirect reference"" group in her notes.",,,GRE|GMAT|IELTS,false,false
Taciturn,/ˈtæs.ɪ.tɜːn/,adjective,Reserved or uncommunicative in speech.,Her taciturn reply suggested she preferred to keep her opinion private.,"quiet,reticent","talkative,loquacious",GRE,true,false
Tactic,,adjective,Describing something related to: Plot / trick (−).,"In the ""Plot / trick (−)"" word cluster, tactic helps you spot synonyms on test day.",,,GRE|GMAT|IELTS,false,false
Tactless,,adjective,Describing something related to: Mistake / act done carelessly.,Officials hoped the treaty would tactless tensions along the border.,,,GRE|GMAT|IELTS,false,false
Taint,,word,A vocabulary term from the group: Spotted / stained.,"In the ""Spotted / stained"" word cluster, taint helps you spot synonyms on test day.",,,GRE|GMAT|IELTS,false,false
Take,,word,A vocabulary term from the group: To object / resist.,"She underlined take while reviewing the ""To object / resist"" group in her notes.",,,GRE|GMAT|IELTS,false,false
Tangential,,adjective,Describing something related to: Go off-track.,"She underlined tangential while reviewing the ""Go off-track"" group in her notes.",,,GRE|GMAT|IELTS,false,false
Tantamount,/ˈtæn.tə.maʊnt/,adjective,Equivalent in seriousness.,The situation seemed tantamount to anyone who read the full report.,"equivalent,equal","different,dissimilar",GRE,true,false
Tarnish,,adjective,Describing something related to: Spotted / stained.,"She underlined tarnish while reviewing the ""Spotted / stained"" group in her notes.",,,GRE|GMAT|IELTS,false,false
Taunt,,word,A vocabulary term from the group: Mock / disrespect (−).,"In the ""Mock / disrespect (−)"" word cluster, taunt helps you spot synonyms on test day.",,,GRE|GMAT|IELTS,false,false
Tedious,,adjective,Describing something related to: Repetitious thus boring.,"She underlined tedious while reviewing the ""Repetitious thus boring"" group in her notes.",,,GRE|GMAT|IELTS,false,false
Telling,,word,A vocabulary term from the group: Reveal / x hide.,"She underlined telling while reviewing the ""Reveal / x hide"" group in her notes.",,,GRE|GMAT|IELTS,false,false
Temper,,word,A vocabulary term from the group: Calm down · + / to make less worse.,Cooler weather helped temper the swelling in his ankle.,,,GRE|GMAT|IELTS,false,false
Temperamental,,adjective,Describing something related to: Fickle / fluctuating.,"She underlined temperamental while reviewing the ""Fickle / fluctuating"" group in her notes.",,,GRE|GMAT|IELTS,false,false
Temperate,,verb,To act in a way related to the idea of: Self control.,"She underlined temperate while reviewing the ""Self control"" group in her notes.",,,GRE|GMAT|IELTS,false,false
Temporal,,adjective,Describing something related to: Not sacred / worldly.,"In the ""Not sacred / worldly"" word cluster, temporal helps you spot synonyms on test day.",,,GRE|GMAT|IELTS,false,false
Tenacious,/təˈneɪ.ʃəs/,adjective,Tending to keep a firm hold.,The situation seemed tenacious to anyone who read the full report.,"persistent,determined","yielding,weak",GRE|GMAT,true,false
Tendentious,,adjective,Describing something related to: Biased / partial.,"In the ""Biased / partial"" word cluster, tendentious helps you spot synonyms on test day.",,,GRE|GMAT|IELTS,false,false
Tenets,,word,A vocabulary term from the group: Rule / principle / law.,"She underlined tenets while reviewing the ""Rule / principle / law"" group in her notes.",,,GRE|GMAT|IELTS,false,false
Tentative,,adjective,Describing something related to: Sure / certain / x conditional.,"In the ""Sure / certain / x conditional"" word cluster, tentative helps you spot synonyms on test day.",,opposite cluster,GRE|GMAT|IELTS,false,false
Tenuous,/ˈten.ju.əs/,adjective,Very weak or slight.,"In context, the word tenuous means very weak or slight.","weak,fragile","strong,solid",GRE,true,false
Tepid,,word,A vocabulary term from the group: Enthusiastic / excited.,"In the ""Enthusiastic / excited"" word cluster, tepid helps you spot synonyms on test day.",,opposite cluster,GRE|GMAT|IELTS,false,false
Terminate,,verb,Bring to an end; stop or conclude.,"She underlined terminate while reviewing the ""End / stop"" group in her notes.",,,GRE|GMAT|IELTS,false,false
Terse,/tɜːs/,adjective,Sparing in the use of words.,"In context, the word terse means sparing in the use of words.","brief,concise","verbose,wordy",GRE,true,false
Testify,,adjective,Describing something related to: Confirm / approve.,"In the ""Confirm / approve"" word cluster, testify helps you spot synonyms on test day.",,,GRE|GMAT|IELTS,false,false
Testimony,,adjective,Describing something related to: Confirm / approve.,"In the ""Confirm / approve"" word cluster, testimony helps you spot synonyms on test day.",,,GRE|GMAT|IELTS,false,false
Testiness,,noun,"Full of anger, rage, or irritation.","In the ""Irritable"" word cluster, testiness helps you spot synonyms on test day.",,,GRE|GMAT|IELTS,false,false
Thwart,,word,A vocabulary term from the group: Restrict / stop / prevent.,"In the ""Restrict / stop / prevent"" word cluster, thwart helps you spot synonyms on test day.",,,GRE|GMAT|IELTS,false,false
Tiff,,word,A vocabulary term from the group: Argue / fight.,"She underlined tiff while reviewing the ""Argue / fight"" group in her notes.",,,GRE|GMAT|IELTS,false,false
Tightfisted,,word,At the final stage; concluding.,It was a tightfisted move to negotiate before costs rose further.,,,GRE|GMAT|IELTS,false,false
Timid,,word,A vocabulary term from the group: Shy / introvert.,"She underlined timid while reviewing the ""Shy / introvert"" group in her notes.",,,GRE|GMAT|IELTS,false,false
Titular,,word,"Having great strength, power, or force.","She underlined titular while reviewing the ""Without real power"" group in her notes.",,,GRE|GMAT|IELTS,false,false
Toil,,word,A vocabulary term from the group: Hard working (+).,"In the ""Hard working (+)"" word cluster, toil helps you spot synonyms on test day.",,,GRE|GMAT|IELTS,false,false
Tortuous,/ˈtɔː.tʃu.əs/,adjective,Full of twists; complex.,"Critics called the proposal tortuous, noting that it was full of twists; complex.","winding,convoluted","straight,simple",GRE,true,false
Totalitarian,,word,A vocabulary term from the group: Dominating (−).,"In the ""Dominating (−)"" word cluster, totalitarian helps you spot synonyms on test day.",,,GRE|GMAT|IELTS,false,false
Toxic,,adjective,Describing something related to: Impure / poisonous.,"She underlined toxic while reviewing the ""Impure / poisonous"" group in her notes.",,,GRE|GMAT|IELTS,false,false
Trace,,word,A vocabulary term from the group: Left-over.,"She underlined trace while reviewing the ""Left-over"" group in her notes.",,,GRE|GMAT|IELTS,false,false
Tranquil,/ˈtræŋ.kwɪl/,adjective,Free from disturbance.,The situation seemed tranquil to anyone who read the full report.,"peaceful,calm","agitated,stormy",GRE|IELTS,true,false
Transcend,,word,A vocabulary term from the group: To rise beyond.,Small savings can transcend quickly when invested with discipline.,,,GRE|GMAT|IELTS,false,false
Transgress,/trænzˈɡres/,verb,Offend against a law or rule.,"In the passage, the author uses transgress to mean offend against a law or rule.","violate,infringe","obey,comply",GRE,true,false
Transient,/ˈtræn.ʃi.ənt/,adjective,Lasting only for a short time.,"Their relief was transient, disappearing as soon as the next deadline appeared.","temporary,fleeting","permanent,lasting",GRE,true,false
Transitory,,adjective,Describing something related to: Short lived.,"She underlined transitory while reviewing the ""Short lived"" group in her notes.",,,GRE|GMAT|IELTS,false,false
Treachery,,adjective,Describing something related to: Disloyalty.,"She underlined treachery while reviewing the ""Disloyalty"" group in her notes.",,,GRE|GMAT|IELTS,false,false
Treason,,word,A vocabulary term from the group: Disloyalty.,"In the ""Disloyalty"" word cluster, treason helps you spot synonyms on test day.",,,GRE|GMAT|IELTS,false,false
Trepidation,,noun,"Marked by fear, dread, or intimidation.",Even experienced climbers found the final ascent trepidation in stormy weather.,,,GRE|GMAT|IELTS,false,false
Trials,,word,A vocabulary term from the group: Pain / suffering.,"She underlined trials while reviewing the ""Pain / suffering"" group in her notes.",,,GRE|GMAT|IELTS,false,false
Tribulation,,noun,"A person, thing, or quality related to: Pain / suffering.","She underlined tribulation while reviewing the ""Pain / suffering"" group in her notes.",,,GRE|GMAT|IELTS,false,false
Trifle,,word,A sign or warning of future events.,Dark headlines gave an trifle picture of what lay ahead for the economy.,,,GRE|GMAT|IELTS,false,false
Trite,,word,A vocabulary term from the group: Ordinary / unoriginal (−).,"In the ""Ordinary / unoriginal (−)"" word cluster, trite helps you spot synonyms on test day.",,,GRE|GMAT|IELTS,false,false
Triumph,,word,A vocabulary term from the group: Achievement / success.,"She underlined triumph while reviewing the ""Achievement / success"" group in her notes.",,,GRE|GMAT|IELTS,false,false
Truce,,word,A vocabulary term from the group: Argue / fight.,"She underlined truce while reviewing the ""Argue / fight"" group in her notes.",,opposite cluster,GRE|GMAT|IELTS,false,false
Truculent,,adjective,Describing something related to: Aggressive / argumentative.,"In the ""Aggressive / argumentative"" word cluster, truculent helps you spot synonyms on test day.",,,GRE|GMAT|IELTS,false,false
Tumultuous,,adjective,Confused or bewildered.,"She underlined tumultuous while reviewing the ""Chaos / confusion"" group in her notes.",,,GRE|GMAT|IELTS,false,false
Turbulence,,noun,Confused or bewildered.,"She underlined turbulence while reviewing the ""Chaos / confusion"" group in her notes.",,,GRE|GMAT|IELTS,false,false
Turmoil,,word,Confused or bewildered.,"In the ""Chaos / confusion"" word cluster, turmoil helps you spot synonyms on test day.",,,GRE|GMAT|IELTS,false,false
Tyrant,,adjective,Describing something related to: Dominating (−).,"In the ""Dominating (−)"" word cluster, tyrant helps you spot synonyms on test day.",,,GRE|GMAT|IELTS,false,false
Ubiquitous,/juːˈbɪk.wɪ.təs/,adjective,Present everywhere.,"Critics called the proposal ubiquitous, noting that it was present everywhere.","omnipresent,pervasive","rare,scarce",GRE|GMAT,true,false
Unanimity,,noun,"A person, thing, or quality related to: Agreement / harmony.","In the ""Agreement / harmony"" word cluster, unanimity helps you spot synonyms on test day.",,,GRE|GMAT|IELTS,false,false
Unassuming,,word,A vocabulary term from the group: Overly proud (−).,"In the ""Overly proud (−)"" word cluster, unassuming helps you spot synonyms on test day.",,opposite cluster,GRE|GMAT|IELTS,false,false
Unavoidable,,adjective,Describing something related to: Avoid / dodge.,"In the ""Avoid / dodge"" word cluster, unavoidable helps you spot synonyms on test day.",,opposite cluster,GRE|GMAT|IELTS,false,false
Unbecoming,,word,A vocabulary term from the group: Improper / inapropriate behaviour.,"She underlined unbecoming while reviewing the ""Improper / inapropriate behaviour"" group in her notes.",,,GRE|GMAT|IELTS,false,false
Uncanny,,adjective,Describing something related to: Illogical / strange.,"In the ""Illogical / strange"" word cluster, uncanny helps you spot synonyms on test day.",,,GRE|GMAT|IELTS,false,false
Undaunted,,word,Showing courage or bravery in the face of difficulty.,"In the ""Brave"" word cluster, undaunted helps you spot synonyms on test day.",,,GRE|GMAT|IELTS,false,false
Under,,word,Clear and easy to understand.,"In the ""Explain too much"" word cluster, under helps you spot synonyms on test day.",,opposite cluster,GRE|GMAT|IELTS,false,false
Undercut,,word,"Lacking strength, power, or effectiveness.","In the ""To lose strength / to weaken"" word cluster, undercut helps you spot synonyms on test day.",,,GRE|GMAT|IELTS,false,false
Underhanded,,word,A vocabulary term from the group: Secret (−).,"In the ""Secret (−)"" word cluster, underhanded helps you spot synonyms on test day.",,,GRE|GMAT|IELTS,false,false
Undermine,/ˌʌn.dəˈmaɪn/,verb,Erode the base or foundation.,"In the passage, the author uses undermine to mean erode the base or foundation.","weaken,sabotage","strengthen,support",GRE|IELTS,true,false
Underplay,,adjective,Describing something related to: Exaggerate.,"In the ""Exaggerate"" word cluster, underplay helps you spot synonyms on test day.",,opposite cluster,GRE|GMAT|IELTS,false,false
Underscore,,word,A vocabulary term from the group: Emphasize.,"In the ""Emphasize"" word cluster, underscore helps you spot synonyms on test day.",,,GRE|GMAT|IELTS,false,false
Understanding,,word,A vocabulary term from the group: Agreement / harmony.,"In the ""Agreement / harmony"" word cluster, understanding helps you spot synonyms on test day.",,,GRE|GMAT|IELTS,false,false
Understate,,verb,To act in a way related to the idea of: Exaggerate.,"She underlined understate while reviewing the ""Exaggerate"" group in her notes.",,opposite cluster,GRE|GMAT|IELTS,false,false
Unearth,,word,A vocabulary term from the group: Uncover a secret.,"She underlined unearth while reviewing the ""Uncover a secret"" group in her notes.",,,GRE|GMAT|IELTS,false,false
Unfounded,,word,A vocabulary term from the group: Confirm / approve.,"In the ""Confirm / approve"" word cluster, unfounded helps you spot synonyms on test day.",,opposite cluster,GRE|GMAT|IELTS,false,false
Ungainly,,adjective,Feeling embarrassed or self-conscious.,"She underlined ungainly while reviewing the ""Awkward / clumsy"" group in her notes.",,,GRE|GMAT|IELTS,false,false
Uniformity,,noun,"Similar in nature, quality, or appearance.","In the ""Being-alike"" word cluster, uniformity helps you spot synonyms on test day.",,,GRE|GMAT|IELTS,false,false
Unimpeachable,,adjective,Describing something related to: Immoral.,"In the ""Immoral"" word cluster, unimpeachable helps you spot synonyms on test day.",,opposite cluster,GRE|GMAT|IELTS,false,false
Unkempt,,word,A vocabulary term from the group: Careless / dirty.,The medicine did little to unkempt her anxiety before the exam.,,,GRE|GMAT|IELTS,false,false
Unpretentious,,adjective,Describing something related to: Show - off (−).,"She underlined unpretentious while reviewing the ""Show - off (−)"" group in her notes.",,opposite cluster,GRE|GMAT|IELTS,false,false
Unqualified,,word,A vocabulary term from the group: Sure / certain / x conditional.,"She underlined unqualified while reviewing the ""Sure / certain / x conditional"" group in her notes.",,,GRE|GMAT|IELTS,false,false
Unravel,,word,A vocabulary term from the group: Uncover a secret.,"She underlined unravel while reviewing the ""Uncover a secret"" group in her notes.",,,GRE|GMAT|IELTS,false,false
Unremarkable,,adjective,Describing something related to: Ordinary / unoriginal (−).,"She underlined unremarkable while reviewing the ""Ordinary / unoriginal (−)"" group in her notes.",,,GRE|GMAT|IELTS,false,false
Unseemly,,adjective,Describing something related to: Improper / inapropriate behaviour.,"In the ""Improper / inapropriate behaviour"" word cluster, unseemly helps you spot synonyms on test day.",,,GRE|GMAT|IELTS,false,false
Unsightly,,adjective,Describing something related to: Horrifying / shocking.,"She underlined unsightly while reviewing the ""Horrifying / shocking"" group in her notes.",,,GRE|GMAT|IELTS,false,false
Untenable,,adjective,Describing something related to: Proven to be right.,"In the ""Proven to be right"" word cluster, untenable helps you spot synonyms on test day.",,opposite cluster,GRE|GMAT|IELTS,false,false
Unwittingly,,adjective,Describing something related to: Unintentionally.,"In the ""Unintentionally"" word cluster, unwittingly helps you spot synonyms on test day.",,,GRE|GMAT|IELTS,false,false
Upbeat,,word,A vocabulary term from the group: Optimistic.,"She underlined upbeat while reviewing the ""Optimistic"" group in her notes.",,,GRE|GMAT|IELTS,false,false
Upbraid,,word,Belonging to an earlier time; old or outdated.,Editorials began to upbraid the mayor for ignoring early warnings.,,,GRE|GMAT|IELTS,false,false
Upheaval,,adjective,Confused or bewildered.,"In the ""Chaos / confusion"" word cluster, upheaval helps you spot synonyms on test day.",,,GRE|GMAT|IELTS,false,false
Uproarious,,adjective,"Full of happiness, joy, or delight.",She felt uproarious when the scholarship letter finally arrived.,,,GRE|GMAT|IELTS,false,false
Urge,,word,A vocabulary term from the group: Persuade.,"She underlined urge while reviewing the ""Persuade"" group in her notes.",,,GRE|GMAT|IELTS,false,false
Usurp,/juːˈzɜːp/,verb,Take a position of power illegally.,The team hoped the policy would usurp the problem over time.,"seize,commandeer","relinquish,surrender",GRE,true,false
Utilitarian,,word,A vocabulary term from the group: Practical / possible.,"In the ""Practical / possible"" word cluster, utilitarian helps you spot synonyms on test day.",,,GRE|GMAT|IELTS,false,false
Utopian,,word,A vocabulary term from the group: Idealistic.,"In the ""Idealistic"" word cluster, utopian helps you spot synonyms on test day.",,,GRE|GMAT|IELTS,false,false
Vacuous,/ˈvæk.ju.əs/,adjective,Having no content; empty.,The situation seemed vacuous to anyone who read the full report.,"empty,void","full,meaningful",GRE,true,false
Vainglorious,,adjective,Describing something related to: Overly proud (−).,"In the ""Overly proud (−)"" word cluster, vainglorious helps you spot synonyms on test day.",,,GRE|GMAT|IELTS,false,false
Valedictory,,adjective,Describing something related to: Farewell / to go away*.,"In the ""Farewell / to go away*"" word cluster, valedictory helps you spot synonyms on test day.",,,GRE|GMAT|IELTS,false,false
Validate,,verb,To act in a way related to the idea of: Confirm / approve.,"In the ""Confirm / approve"" word cluster, validate helps you spot synonyms on test day.",,,GRE|GMAT|IELTS,false,false
Valor,,noun,Showing courage or bravery in the face of difficulty.,"In the ""Brave"" word cluster, valor helps you spot synonyms on test day.",,,GRE|GMAT|IELTS,false,false
Vanquish,,adjective,Given up or abandoned.,"She underlined vanquish while reviewing the ""To defeat / # surrender"" group in her notes.",,,GRE|GMAT|IELTS,false,false
Vapid,,word,A vocabulary term from the group: Boring / dull.,"In the ""Boring / dull"" word cluster, vapid helps you spot synonyms on test day.",,,GRE|GMAT|IELTS,false,false
Variegate,,verb,To act in a way related to the idea of: Variety / varied.,"In the ""Variety / varied"" word cluster, variegate helps you spot synonyms on test day.",,,GRE|GMAT|IELTS,false,false
Venerate,/ˈven.ər.eɪt/,verb,Regard with great respect.,Leaders met to decide how best to venerate the dispute.,"revere,honor","despise,disrespect",GRE|IELTS,false,false
Vengeance,,noun,"A person, thing, or quality related to: Revenge.","In the ""Revenge"" word cluster, vengeance helps you spot synonyms on test day.",,,GRE|GMAT|IELTS,false,false
Veracity,,noun,"A person, thing, or quality related to: Falsehood.","She underlined veracity while reviewing the ""Falsehood"" group in her notes.",,opposite cluster,GRE|GMAT|IELTS,false,false
Verbose,/vɜːˈbəʊs/,adjective,Using more words than needed.,"Critics called the proposal verbose, noting that it was using more words than needed.","wordy,prolix","concise,brief",GRE,true,false
Verisimilar,,word,A vocabulary term from the group: Could be true.,"She underlined verisimilar while reviewing the ""Could be true"" group in her notes.",,,GRE|GMAT|IELTS,false,false
Veritable,,adjective,Intended to mislead or deceive.,"In the ""Fake / deceptive"" word cluster, veritable helps you spot synonyms on test day.",,opposite cluster,GRE|GMAT|IELTS,false,false
Versatile,,word,A vocabulary term from the group: Variety / varied.,"She underlined versatile while reviewing the ""Variety / varied"" group in her notes.",,,GRE|GMAT|IELTS,false,false
Vestige,,word,A vocabulary term from the group: Left-over.,"She underlined vestige while reviewing the ""Left-over"" group in her notes.",,,GRE|GMAT|IELTS,false,false
Veteran,,word,A vocabulary term from the group: Experienced.,"She underlined veteran while reviewing the ""Experienced"" group in her notes.",,,GRE|GMAT|IELTS,false,false
Veto,,word,A vocabulary term from the group: Agreement / harmony.,"In the ""Agreement / harmony"" word cluster, veto helps you spot synonyms on test day.",,opposite cluster,GRE|GMAT|IELTS,false,false
Vex,,word,"Full of anger, rage, or irritation.",Her vex reply showed she would not accept the excuse.,,,GRE|GMAT|IELTS,false,false
Viable,/ˈvaɪ.ə.bəl/,adjective,Capable of working successfully.,The situation seemed viable to anyone who read the full report.,"feasible,workable","impossible,unworkable",GRE|GMAT,true,false
Vicarious,/vɪˈkeə.ri.əs/,adjective,Experienced through another person.,"In context, the word vicarious means experienced through another person.","indirect,secondhand","direct,personal",GRE,true,false
Vicious,,adjective,Describing something related to: Bitter feelings / ill-will.,"In the ""Bitter feelings / ill-will"" word cluster, vicious helps you spot synonyms on test day.",,,GRE|GMAT|IELTS,false,false
Vigilant,,adjective,Describing something related to: Alert.,"In the ""Alert"" word cluster, vigilant helps you spot synonyms on test day.",,,GRE|GMAT|IELTS,false,false
Vigorous,,adjective,"Having great strength, power, or force.","In the ""Physically strong"" word cluster, vigorous helps you spot synonyms on test day.",,,GRE|GMAT|IELTS,false,false
Vile,,word,A vocabulary term from the group: Horrifying / shocking.,"In the ""Horrifying / shocking"" word cluster, vile helps you spot synonyms on test day.",,,GRE|GMAT|IELTS,false,false
Vilify,/ˈvɪl.ɪ.faɪ/,verb,Speak or write about in an abusively disparaging manner.,The team hoped the policy would vilify the problem over time.,"defame,malign","praise,extol",GRE,true,false
Vindicate,/ˈvɪn.dɪ.keɪt/,verb,Clear of blame or suspicion.,The team hoped the policy would vindicate the problem over time.,"exonerate,absolve","blame,condemn",GRE,true,false
Vindictive,,adjective,Describing something related to: Revenge.,"She underlined vindictive while reviewing the ""Revenge"" group in her notes.",,,GRE|GMAT|IELTS,false,false
Virtuoso,/ˌvɜː.tʃuˈəʊ.səʊ/,noun,A person highly skilled in music or art.,The virtuoso in the story refused to follow the crowd without question.,"expert,master","amateur,novice",GRE,true,false
Virulent,,adjective,Describing something related to: Bitter feelings / ill-will.,"She underlined virulent while reviewing the ""Bitter feelings / ill-will"" group in her notes.",,,GRE|GMAT|IELTS,false,false
Vituperative,,adjective,Expressing criticism or strong disapproval.,Opponents vituperative the plan as costly and poorly timed.,,,GRE|GMAT|IELTS,false,false
Vivacious,,adjective,Describing something related to: Enthusiastic / excited.,"She underlined vivacious while reviewing the ""Enthusiastic / excited"" group in her notes.",,,GRE|GMAT|IELTS,false,false
Vocal,,adjective,"Honest, truthful, and straightforward.",The witness gave a vocal account of what happened that night.,,,GRE|GMAT|IELTS,false,false
Vociferous,,adjective,Describing something related to: Overly noisy (−).,"She underlined vociferous while reviewing the ""Overly noisy (−)"" group in her notes.",,,GRE|GMAT|IELTS,false,false
Void,,word,A vocabulary term from the group: Cancel / take back.,"In the ""Cancel / take back"" word cluster, void helps you spot synonyms on test day.",,,GRE|GMAT|IELTS,false,false
Volatile,/ˈvɒl.ə.taɪl/,adjective,Liable to change rapidly.,"Critics called the proposal volatile, noting that it was liable to change rapidly.","unstable,erratic","stable,steady",GRE|GMAT,true,false
Voluble,,word,A vocabulary term from the group: Talkative / lots of words · –.,"He tends to voluble when nervous, filling every pause in conversation.",,,GRE|GMAT|IELTS,false,false
Voluminous,,adjective,Describing something related to: Huge / big.,"She underlined voluminous while reviewing the ""Huge / big"" group in her notes.",,,GRE|GMAT|IELTS,false,false
Voracious,/vəˈreɪ.ʃəs/,adjective,Wanting great quantities.,"In context, the word voracious means wanting great quantities.","insatiable,ravenous","moderate,satisfied",GRE,true,false
Vulgar,,word,A vocabulary term from the group: Offensive / lusty.,"She underlined vulgar while reviewing the ""Offensive / lusty"" group in her notes.",,,GRE|GMAT|IELTS,false,false
Vulnerable,,adjective,Describing something related to: Easily affected (−).,"In the ""Easily affected (−)"" word cluster, vulnerable helps you spot synonyms on test day.",,,GRE|GMAT|IELTS,false,false
Wane,,word,Reduced in intensity or amount.,The medicine did little to wane her anxiety before the exam.,,,GRE|GMAT|IELTS,false,false
Wanting,,word,A vocabulary term from the group: Shortage / lacking.,"In the ""Shortage / lacking"" word cluster, wanting helps you spot synonyms on test day.",,,GRE|GMAT|IELTS,false,false
Wary,/ˈweə.ri/,adjective,Feeling caution about dangers.,"In context, the word wary means feeling caution about dangers.","cautious,careful","careless,reckless",GRE|IELTS,true,false
Waver,,word,A vocabulary term from the group: Fickle / fluctuating.,"She underlined waver while reviewing the ""Fickle / fluctuating"" group in her notes.",,,GRE|GMAT|IELTS,false,false
Wax,,word,"Greater in size, amount, or intensity.",Scholars watched the debate wax into new areas of policy.,,,GRE|GMAT|IELTS,false,false
Wayward,,word,A vocabulary term from the group: Immoral.,"She underlined wayward while reviewing the ""Immoral"" group in her notes.",,,GRE|GMAT|IELTS,false,false
Whimsical,/ˈwɪm.zɪ.kəl/,adjective,Playfully quaint.,The situation seemed whimsical to anyone who read the full report.,"fanciful,quirky","serious,practical",GRE,true,false
Wistful,,adjective,Describing something related to: Remembering the past.,"In the ""Remembering the past"" word cluster, wistful helps you spot synonyms on test day.",,,GRE|GMAT|IELTS,false,false
Wither,,word,"Lacking strength, power, or effectiveness.","She underlined wither while reviewing the ""To lose strength / to weaken"" group in her notes.",,,GRE|GMAT|IELTS,false,false
Woe,,word,"Marked by sadness, sorrow, or grief.",Rain against the window added to the woe atmosphere of the scene.,,,GRE|GMAT|IELTS,false,false
Wont,,word,A vocabulary term from the group: Used to.,"In the ""Used to"" word cluster, wont helps you spot synonyms on test day.",,,GRE|GMAT|IELTS,false,false
Worldly-Wise,,verb,To act in a way related to the idea of: Easily fooled / innocent.,It was a worldly-wise move to negotiate before costs rose further.,,opposite cluster,GRE|GMAT|IELTS,false,false
Wrath,,word,"Full of anger, rage, or irritation.",Letters from voters grew increasingly wrath over the delay.,,,GRE|GMAT|IELTS,false,false
Yield,,word,A vocabulary term from the group: Accept / agree / give in.,"She underlined yield while reviewing the ""Accept / agree / give in"" group in her notes.",,,GRE|GMAT|IELTS,false,false
Zealot,,word,A vocabulary term from the group: Dangerously extreme believer / loyalty.,A zealot apology can repair trust faster than a clever excuse.,,,GRE|GMAT|IELTS,false,false
Zealous,/ˈzel.əs/,adjective,Having great energy for a cause.,"Critics called the proposal zealous, noting that it was having great energy for a cause.","passionate,ardent","apathetic,indifferent",GRE,true,false
Zest,,word,A vocabulary term from the group: Enthusiastic / excited.,"In the ""Enthusiastic / excited"" word cluster, zest helps you spot synonyms on test day.",,,GRE|GMAT|IELTS,false,false